Workbook

Sheet СВОД
A1: Б.# | B1: Вид объекта: | C1: Разделы ЦИМ: | D1: Класс IFC: | E1: Элемент: | F1: Код МССК: | G1: Группа | H1: № | I1: Набор атрибутов | J1: Наименование параметра | K1: Имя параметра IFC | L1: Тип данных | M1: Ед.изм. | N1: Пример | O1: Изм.
A2: Б.0 | B2: Непроизводственного назначения | C2: Объемно-планировочные и архитектурные решения | D2: IfcBuilding | E2: Объект | G2: Сведения о проекте | H2: 1 | I2: RusSet_Project | J2: Наименование проекта | K2: RUS_ProjectName | L2: Текстовый | M2: - | N2: Жилой дом | O2: +
A3: Б.0 | B3: Непроизводственного назначения | C3: Объемно-планировочные и архитектурные решения | D3: IfcBuilding | E3: Объект | G3: Сведения о проекте | H3: 2 | I3: RusSet_Project | J3: Адрес | K3: RUS_BuildingAddress | L3: Текстовый | M3: - | N3: г. Москва, Проспект Мира | O3: +
A4: Б.0 | B4: Непроизводственного назначения | C4: Объемно-планировочные и архитектурные решения | D4: IfcBuilding | E4: Объект | G4: Материалы АГР | H4: 3 | I4: RusSet_AGR | J4: Функциональное назначение объекта | K4: RUS_FNO | L4: Текстовый | M4: - | N4: Жилое здание/Нежилое здание | O4: +
A5: Б.1 | B5: Непроизводственного назначения | C5: Объемно-планировочные и архитектурные решения | D5: IfcBuildingElementProxy | E5: Вспомогательное 3D-тело | F5: ЭЛ 30 30 10, ЭЛ 30 30 20 | G5: Общие данные | H5: 1 | I5: RusSet_Common | J5: Код элемента МССК | K5: RUS_MSSK_Element_Code | L5: Текстовый | M5: - | N5: ЭЛ 30 30 | O5: +
A6: Б.1 | B6: Непроизводственного назначения | C6: Объемно-планировочные и архитектурные решения | D6: IfcBuildingElementProxy | E6: Вспомогательное 3D-тело | F6: ЭЛ 30 30 10, ЭЛ 30 30 20 | G6: Общие данные | H6: 2 | I6: RusSet_Common | J6: Наименование | K6: RUS_Name | L6: Текстовый | M6: - | N6: Объем подземной части здания | O6: +
A7: Б.1 | B7: Непроизводственного назначения | C7: Объемно-планировочные и архитектурные решения | D7: IfcBuildingElementProxy | E7: Вспомогательное 3D-тело | F7: ЭЛ 30 30 10, ЭЛ 30 30 20 | G7: Общие данные | H7: 3 | I7: RusSet_Common | J7: Наименование элемента МССК | K7: RUS_MSSK_Element_Name | L7: Текстовый | M7: - | N7: Подземная часть здания | O7: +
A8: Б.1 | B8: Непроизводственного назначения | C8: Объемно-планировочные и архитектурные решения | D8: IfcBuildingElementProxy | E8: Вспомогательное 3D-тело | F8: ЭЛ 30 30 10, ЭЛ 30 30 20 | G8: Количественные параметры | H8: 4 | I8: RusSet_Quantities | J8: Объем | K8: RUS_Volume | L8: Вещественный | M8: куб.м. | N8: 30 | O8: отменён
A9: Б.1 | B9: Непроизводственного назначения | C9: Объемно-планировочные и архитектурные решения | D9: IfcBuildingElementProxy | E9: Вспомогательное 3D-тело | F9: ЭЛ 30 30 10, ЭЛ 30 30 20 | G9: Количественные параметры | H9: 5 | I9: RusSet_Quantities | J9: Высота | K9: RUS_Height | L9: Вещественный | M9: мм | N9: 300 | O9: отменён
A10: Б.1 | B10: Непроизводственного назначения | C10: Объемно-планировочные и архитектурные решения | D10: IfcBuildingElementProxy | E10: Вспомогательное 3D-тело | F10: ЭЛ 30 30 10, ЭЛ 30 30 20 | G10: Количественные параметры | H10: 6 | I10: RusSet_Quantities | J10: Ширина | K10: RUS_Width | L10: Вещественный | M10: мм | N10: 300 | O10: отменён
A11: Б.1 | B11: Непроизводственного назначения | C11: Объемно-планировочные и архитектурные решения | D11: IfcBuildingElementProxy | E11: Вспомогательное 3D-тело | F11: ЭЛ 30 30 10, ЭЛ 30 30 20 | G11: Количественные параметры | H11: 7 | I11: RusSet_Quantities | J11: Длина | K11: RUS_Length | L11: Вещественный | M11: мм | N11: 12.5 | O11: отменён
A12: Б.1 | B12: Непроизводственного назначения | C12: Объемно-планировочные и архитектурные решения | D12: IfcBuildingElementProxy | E12: Вспомогательное 3D-тело | F12: ЭЛ 30 30 10, ЭЛ 30 30 20 | G12: Местоположение | H12: 8 | I12: RusSet_Location | J12: Номер объекта (корпуса) | K12: RUS_Object | L12: Текстовый | M12: - | N12: К01 | O12: +
A13: Б.1 | B13: Непроизводственного назначения | C13: Объемно-планировочные и архитектурные решения | D13: IfcBuildingElementProxy | E13: Вспомогательное 3D-тело | F13: ЭЛ 30 30 10, ЭЛ 30 30 20 | G13: Местоположение | H13: 9 | I13: RusSet_Location | J13: Номер подобъекта (секции) | K13: RUS_Object_Sub | L13: Текстовый | M13: - | N13: С01 | O13: +
A14: Б.2 | B14: Непроизводственного назначения | C14: Объемно-планировочные и архитектурные решения | D14: IfcSpace | E14: Помещение | F14: ПЗ 30, ПЗ 30 10, ПЗ 30 20, ПЗ 30 30, ПЗ 31 01, ПЗ 31 02, ПЗ 31 03, ПЗ 31 04, ПЗ 31 05, ПЗ 31 06, ПЗ 31 07, ПЗ 31 08, ПЗ 31 09, ПЗ 31 10, ПЗ 31 12, ПЗ 31 13, ПЗ 31 14, ПЗ 31 15, ПЗ 31 16, ПЗ 31 17, ПЗ 32 10, ПЗ 32 12, ПЗ 32 13, ПЗ 32 14, ПЗ 32 15, ПЗ 32 16, ПЗ 33 10, ПЗ 33 12, ПЗ 33 13, ПЗ 33 14, ПЗ 33 15, ПЗ 33 16, ПЗ 33 17, ПЗ 33 18, ПЗ 33 19, ПЗ 33 20, ПЗ 33 21, ПЗ 33 22, ПЗ 33 23, ПЗ 33 24, ПЗ 33 25, ПЗ 33 26, ПЗ 33 27, ПЗ 33 28, ПЗ 33 29, ПЗ 33 30, ПЗ 33 31, ПЗ 33 32, ПЗ 33 33, ПЗ 34 10, ПЗ 34 12 | G14: Общие данные | H14: 1 | I14: RusSet_Common | J14: Код помещения и зоны МССК | K14: RUS_MSSK_SpaceAndZone_Code | L14: Текстовый | M14: - | N14: ПЗ 30 20 07 | O14: +
A15: Б.2 | B15: Непроизводственного назначения | C15: Объемно-планировочные и архитектурные решения | D15: IfcSpace | E15: Помещение | F15: ПЗ 30, ПЗ 30 10, ПЗ 30 20, ПЗ 30 30, ПЗ 31 01, ПЗ 31 02, ПЗ 31 03, ПЗ 31 04, ПЗ 31 05, ПЗ 31 06, ПЗ 31 07, ПЗ 31 08, ПЗ 31 09, ПЗ 31 10, ПЗ 31 12, ПЗ 31 13, ПЗ 31 14, ПЗ 31 15, ПЗ 31 16, ПЗ 31 17, ПЗ 32 10, ПЗ 32 12, ПЗ 32 13, ПЗ 32 14, ПЗ 32 15, ПЗ 32 16, ПЗ 33 10, ПЗ 33 12, ПЗ 33 13, ПЗ 33 14, ПЗ 33 15, ПЗ 33 16, ПЗ 33 17, ПЗ 33 18, ПЗ 33 19, ПЗ 33 20, ПЗ 33 21, ПЗ 33 22, ПЗ 33 23, ПЗ 33 24, ПЗ 33 25, ПЗ 33 26, ПЗ 33 27, ПЗ 33 28, ПЗ 33 29, ПЗ 33 30, ПЗ 33 31, ПЗ 33 32, ПЗ 33 33, ПЗ 34 10, ПЗ 34 12 | G15: Общие данные | H15: 2 | I15: RusSet_Common | J15: Наименование | K15: RUS_Name | L15: Текстовый | M15: - | N15: Кухня | O15: +
A16: Б.2 | B16: Непроизводственного назначения | C16: Объемно-планировочные и архитектурные решения | D16: IfcSpace | E16: Помещение | F16: ПЗ 30, ПЗ 30 10, ПЗ 30 20, ПЗ 30 30, ПЗ 31 01, ПЗ 31 02, ПЗ 31 03, ПЗ 31 04, ПЗ 31 05, ПЗ 31 06, ПЗ 31 07, ПЗ 31 08, ПЗ 31 09, ПЗ 31 10, ПЗ 31 12, ПЗ 31 13, ПЗ 31 14, ПЗ 31 15, ПЗ 31 16, ПЗ 31 17, ПЗ 32 10, ПЗ 32 12, ПЗ 32 13, ПЗ 32 14, ПЗ 32 15, ПЗ 32 16, ПЗ 33 10, ПЗ 33 12, ПЗ 33 13, ПЗ 33 14, ПЗ 33 15, ПЗ 33 16, ПЗ 33 17, ПЗ 33 18, ПЗ 33 19, ПЗ 33 20, ПЗ 33 21, ПЗ 33 22, ПЗ 33 23, ПЗ 33 24, ПЗ 33 25, ПЗ 33 26, ПЗ 33 27, ПЗ 33 28, ПЗ 33 29, ПЗ 33 30, ПЗ 33 31, ПЗ 33 32, ПЗ 33 33, ПЗ 34 10, ПЗ 34 12 | G16: Общие данные | H16: 3 | I16: RusSet_Common | J16: Наименование помещения и зоны МССК | K16: RUS_MSSK_SpaceAndZone_Name | L16: Текстовый | M16: - | N16: Кухня | O16: +
A17: Б.2 | B17: Непроизводственного назначения | C17: Объемно-планировочные и архитектурные решения | D17: IfcSpace | E17: Помещение | F17: ПЗ 30, ПЗ 30 10, ПЗ 30 20, ПЗ 30 30, ПЗ 31 01, ПЗ 31 02, ПЗ 31 03, ПЗ 31 04, ПЗ 31 05, ПЗ 31 06, ПЗ 31 07, ПЗ 31 08, ПЗ 31 09, ПЗ 31 10, ПЗ 31 12, ПЗ 31 13, ПЗ 31 14, ПЗ 31 15, ПЗ 31 16, ПЗ 31 17, ПЗ 32 10, ПЗ 32 12, ПЗ 32 13, ПЗ 32 14, ПЗ 32 15, ПЗ 32 16, ПЗ 33 10, ПЗ 33 12, ПЗ 33 13, ПЗ 33 14, ПЗ 33 15, ПЗ 33 16, ПЗ 33 17, ПЗ 33 18, ПЗ 33 19, ПЗ 33 20, ПЗ 33 21, ПЗ 33 22, ПЗ 33 23, ПЗ 33 24, ПЗ 33 25, ПЗ 33 26, ПЗ 33 27, ПЗ 33 28, ПЗ 33 29, ПЗ 33 30, ПЗ 33 31, ПЗ 33 32, ПЗ 33 33, ПЗ 34 10, ПЗ 34 12 | G17: Количественные параметры | H17: 4 | I17: RusSet_Quantities | J17: Высота | K17: RUS_Height | L17: Вещественный | M17: мм | N17: 3300 | O17: отменён
A18: Б.2 | B18: Непроизводственного назначения | C18: Объемно-планировочные и архитектурные решения | D18: IfcSpace | E18: Помещение | F18: ПЗ 30, ПЗ 30 10, ПЗ 30 20, ПЗ 30 30, ПЗ 31 01, ПЗ 31 02, ПЗ 31 03, ПЗ 31 04, ПЗ 31 05, ПЗ 31 06, ПЗ 31 07, ПЗ 31 08, ПЗ 31 09, ПЗ 31 10, ПЗ 31 12, ПЗ 31 13, ПЗ 31 14, ПЗ 31 15, ПЗ 31 16, ПЗ 31 17, ПЗ 32 10, ПЗ 32 12, ПЗ 32 13, ПЗ 32 14, ПЗ 32 15, ПЗ 32 16, ПЗ 33 10, ПЗ 33 12, ПЗ 33 13, ПЗ 33 14, ПЗ 33 15, ПЗ 33 16, ПЗ 33 17, ПЗ 33 18, ПЗ 33 19, ПЗ 33 20, ПЗ 33 21, ПЗ 33 22, ПЗ 33 23, ПЗ 33 24, ПЗ 33 25, ПЗ 33 26, ПЗ 33 27, ПЗ 33 28, ПЗ 33 29, ПЗ 33 30, ПЗ 33 31, ПЗ 33 32, ПЗ 33 33, ПЗ 34 10, ПЗ 34 12 | G18: Количественные параметры | H18: 5 | I18: RusSet_Quantities | J18: Площадь | K18: RUS_Area | L18: Вещественный | M18: кв.м. | N18: 40 | O18: +
A19: Б.2 | B19: Непроизводственного назначения | C19: Объемно-планировочные и архитектурные решения | D19: IfcSpace | E19: Помещение | F19: ПЗ 30, ПЗ 30 10, ПЗ 30 20, ПЗ 30 30, ПЗ 31 01, ПЗ 31 02, ПЗ 31 03, ПЗ 31 04, ПЗ 31 05, ПЗ 31 06, ПЗ 31 07, ПЗ 31 08, ПЗ 31 09, ПЗ 31 10, ПЗ 31 12, ПЗ 31 13, ПЗ 31 14, ПЗ 31 15, ПЗ 31 16, ПЗ 31 17, ПЗ 32 10, ПЗ 32 12, ПЗ 32 13, ПЗ 32 14, ПЗ 32 15, ПЗ 32 16, ПЗ 33 10, ПЗ 33 12, ПЗ 33 13, ПЗ 33 14, ПЗ 33 15, ПЗ 33 16, ПЗ 33 17, ПЗ 33 18, ПЗ 33 19, ПЗ 33 20, ПЗ 33 21, ПЗ 33 22, ПЗ 33 23, ПЗ 33 24, ПЗ 33 25, ПЗ 33 26, ПЗ 33 27, ПЗ 33 28, ПЗ 33 29, ПЗ 33 30, ПЗ 33 31, ПЗ 33 32, ПЗ 33 33, ПЗ 34 10, ПЗ 34 12 | G19: Количественные параметры | H19: 6 | I19: RusSet_Quantities | J19: Объем | K19: RUS_Volume | L19: Вещественный | M19: куб.м. | N19: 60 | O19: отменён
A20: Б.2 | B20: Непроизводственного назначения | C20: Объемно-планировочные и архитектурные решения | D20: IfcSpace | E20: Помещение | F20: ПЗ 30, ПЗ 30 10, ПЗ 30 20, ПЗ 30 30, ПЗ 31 01, ПЗ 31 02, ПЗ 31 03, ПЗ 31 04, ПЗ 31 05, ПЗ 31 06, ПЗ 31 07, ПЗ 31 08, ПЗ 31 09, ПЗ 31 10, ПЗ 31 12, ПЗ 31 13, ПЗ 31 14, ПЗ 31 15, ПЗ 31 16, ПЗ 31 17, ПЗ 32 10, ПЗ 32 12, ПЗ 32 13, ПЗ 32 14, ПЗ 32 15, ПЗ 32 16, ПЗ 33 10, ПЗ 33 12, ПЗ 33 13, ПЗ 33 14, ПЗ 33 15, ПЗ 33 16, ПЗ 33 17, ПЗ 33 18, ПЗ 33 19, ПЗ 33 20, ПЗ 33 21, ПЗ 33 22, ПЗ 33 23, ПЗ 33 24, ПЗ 33 25, ПЗ 33 26, ПЗ 33 27, ПЗ 33 28, ПЗ 33 29, ПЗ 33 30, ПЗ 33 31, ПЗ 33 32, ПЗ 33 33, ПЗ 34 10, ПЗ 34 12 | G20: Местоположение | H20: 7 | I20: RusSet_Location | J20: Номер объекта (корпуса) | K20: RUS_Object | L20: Текстовый | M20: - | N20: К01 | O20: +
A21: Б.2 | B21: Непроизводственного назначения | C21: Объемно-планировочные и архитектурные решения | D21: IfcSpace | E21: Помещение | F21: ПЗ 30, ПЗ 30 10, ПЗ 30 20, ПЗ 30 30, ПЗ 31 01, ПЗ 31 02, ПЗ 31 03, ПЗ 31 04, ПЗ 31 05, ПЗ 31 06, ПЗ 31 07, ПЗ 31 08, ПЗ 31 09, ПЗ 31 10, ПЗ 31 12, ПЗ 31 13, ПЗ 31 14, ПЗ 31 15, ПЗ 31 16, ПЗ 31 17, ПЗ 32 10, ПЗ 32 12, ПЗ 32 13, ПЗ 32 14, ПЗ 32 15, ПЗ 32 16, ПЗ 33 10, ПЗ 33 12, ПЗ 33 13, ПЗ 33 14, ПЗ 33 15, ПЗ 33 16, ПЗ 33 17, ПЗ 33 18, ПЗ 33 19, ПЗ 33 20, ПЗ 33 21, ПЗ 33 22, ПЗ 33 23, ПЗ 33 24, ПЗ 33 25, ПЗ 33 26, ПЗ 33 27, ПЗ 33 28, ПЗ 33 29, ПЗ 33 30, ПЗ 33 31, ПЗ 33 32, ПЗ 33 33, ПЗ 34 10, ПЗ 34 12 | G21: Местоположение | H21: 8 | I21: RusSet_Location | J21: Номер подобъекта (секции) | K21: RUS_Object_Sub | L21: Текстовый | M21: - | N21: С01 | O21: +
A22: Б.2 | B22: Непроизводственного назначения | C22: Объемно-планировочные и архитектурные решения | D22: IfcSpace | E22: Помещение | F22: ПЗ 30, ПЗ 30 10, ПЗ 30 20, ПЗ 30 30, ПЗ 31 01, ПЗ 31 02, ПЗ 31 03, ПЗ 31 04, ПЗ 31 05, ПЗ 31 06, ПЗ 31 07, ПЗ 31 08, ПЗ 31 09, ПЗ 31 10, ПЗ 31 12, ПЗ 31 13, ПЗ 31 14, ПЗ 31 15, ПЗ 31 16, ПЗ 31 17, ПЗ 32 10, ПЗ 32 12, ПЗ 32 13, ПЗ 32 14, ПЗ 32 15, ПЗ 32 16, ПЗ 33 10, ПЗ 33 12, ПЗ 33 13, ПЗ 33 14, ПЗ 33 15, ПЗ 33 16, ПЗ 33 17, ПЗ 33 18, ПЗ 33 19, ПЗ 33 20, ПЗ 33 21, ПЗ 33 22, ПЗ 33 23, ПЗ 33 24, ПЗ 33 25, ПЗ 33 26, ПЗ 33 27, ПЗ 33 28, ПЗ 33 29, ПЗ 33 30, ПЗ 33 31, ПЗ 33 32, ПЗ 33 33, ПЗ 34 10, ПЗ 34 12 | G22: Идентификация | H22: 9 | I22: RusSet_Identification | J22: Категория функциональной зоны | K22: RUS_Zone | L22: Текстовый | M22: - | N22: Жилая зона | O22: +
A23: Б.2 | B23: Непроизводственного назначения | C23: Объемно-планировочные и архитектурные решения | D23: IfcSpace | E23: Помещение | F23: ПЗ 30, ПЗ 30 10, ПЗ 30 20, ПЗ 30 30, ПЗ 31 01, ПЗ 31 02, ПЗ 31 03, ПЗ 31 04, ПЗ 31 05, ПЗ 31 06, ПЗ 31 07, ПЗ 31 08, ПЗ 31 09, ПЗ 31 10, ПЗ 31 12, ПЗ 31 13, ПЗ 31 14, ПЗ 31 15, ПЗ 31 16, ПЗ 31 17, ПЗ 32 10, ПЗ 32 12, ПЗ 32 13, ПЗ 32 14, ПЗ 32 15, ПЗ 32 16, ПЗ 33 10, ПЗ 33 12, ПЗ 33 13, ПЗ 33 14, ПЗ 33 15, ПЗ 33 16, ПЗ 33 17, ПЗ 33 18, ПЗ 33 19, ПЗ 33 20, ПЗ 33 21, ПЗ 33 22, ПЗ 33 23, ПЗ 33 24, ПЗ 33 25, ПЗ 33 26, ПЗ 33 27, ПЗ 33 28, ПЗ 33 29, ПЗ 33 30, ПЗ 33 31, ПЗ 33 32, ПЗ 33 33, ПЗ 34 10, ПЗ 34 12 | G23: Идентификация | H23: 10 | I23: RusSet_Identification | J23: Группа помещений | K23: RUS_Group_Type | L23: Текстовый | M23: - | N23: Квартира | O23: +
A24: Б.2 | B24: Непроизводственного назначения | C24: Объемно-планировочные и архитектурные решения | D24: IfcSpace | E24: Помещение | F24: ПЗ 30, ПЗ 30 10, ПЗ 30 20, ПЗ 30 30, ПЗ 31 01, ПЗ 31 02, ПЗ 31 03, ПЗ 31 04, ПЗ 31 05, ПЗ 31 06, ПЗ 31 07, ПЗ 31 08, ПЗ 31 09, ПЗ 31 10, ПЗ 31 12, ПЗ 31 13, ПЗ 31 14, ПЗ 31 15, ПЗ 31 16, ПЗ 31 17, ПЗ 32 10, ПЗ 32 12, ПЗ 32 13, ПЗ 32 14, ПЗ 32 15, ПЗ 32 16, ПЗ 33 10, ПЗ 33 12, ПЗ 33 13, ПЗ 33 14, ПЗ 33 15, ПЗ 33 16, ПЗ 33 17, ПЗ 33 18, ПЗ 33 19, ПЗ 33 20, ПЗ 33 21, ПЗ 33 22, ПЗ 33 23, ПЗ 33 24, ПЗ 33 25, ПЗ 33 26, ПЗ 33 27, ПЗ 33 28, ПЗ 33 29, ПЗ 33 30, ПЗ 33 31, ПЗ 33 32, ПЗ 33 33, ПЗ 34 10, ПЗ 34 12 | G24: Идентификация | H24: 11 | I24: RusSet_Identification | J24: Номер группы помещений | K24: RUS_Group_Number | L24: Текстовый | M24: - | N24: 12 | O24: +
A25: Б.2 | B25: Непроизводственного назначения | C25: Объемно-планировочные и архитектурные решения | D25: IfcSpace | E25: Помещение | F25: ПЗ 30, ПЗ 30 10, ПЗ 30 20, ПЗ 30 30, ПЗ 31 01, ПЗ 31 02, ПЗ 31 03, ПЗ 31 04, ПЗ 31 05, ПЗ 31 06, ПЗ 31 07, ПЗ 31 08, ПЗ 31 09, ПЗ 31 10, ПЗ 31 12, ПЗ 31 13, ПЗ 31 14, ПЗ 31 15, ПЗ 31 16, ПЗ 31 17, ПЗ 32 10, ПЗ 32 12, ПЗ 32 13, ПЗ 32 14, ПЗ 32 15, ПЗ 32 16, ПЗ 33 10, ПЗ 33 12, ПЗ 33 13, ПЗ 33 14, ПЗ 33 15, ПЗ 33 16, ПЗ 33 17, ПЗ 33 18, ПЗ 33 19, ПЗ 33 20, ПЗ 33 21, ПЗ 33 22, ПЗ 33 23, ПЗ 33 24, ПЗ 33 25, ПЗ 33 26, ПЗ 33 27, ПЗ 33 28, ПЗ 33 29, ПЗ 33 30, ПЗ 33 31, ПЗ 33 32, ПЗ 33 33, ПЗ 34 10, ПЗ 34 12 | G25: Идентификация | H25: 12 | I25: RusSet_Identification | J25: Номер помещения | K25: RUS_Number | L25: Текстовый | M25: - | N25: 1 | O25: +
A26: Б.2 | B26: Непроизводственного назначения | C26: Объемно-планировочные и архитектурные решения | D26: IfcSpace | E26: Помещение | F26: ПЗ 30, ПЗ 30 10, ПЗ 30 20, ПЗ 30 30, ПЗ 31 01, ПЗ 31 02, ПЗ 31 03, ПЗ 31 04, ПЗ 31 05, ПЗ 31 06, ПЗ 31 07, ПЗ 31 08, ПЗ 31 09, ПЗ 31 10, ПЗ 31 12, ПЗ 31 13, ПЗ 31 14, ПЗ 31 15, ПЗ 31 16, ПЗ 31 17, ПЗ 32 10, ПЗ 32 12, ПЗ 32 13, ПЗ 32 14, ПЗ 32 15, ПЗ 32 16, ПЗ 33 10, ПЗ 33 12, ПЗ 33 13, ПЗ 33 14, ПЗ 33 15, ПЗ 33 16, ПЗ 33 17, ПЗ 33 18, ПЗ 33 19, ПЗ 33 20, ПЗ 33 21, ПЗ 33 22, ПЗ 33 23, ПЗ 33 24, ПЗ 33 25, ПЗ 33 26, ПЗ 33 27, ПЗ 33 28, ПЗ 33 29, ПЗ 33 30, ПЗ 33 31, ПЗ 33 32, ПЗ 33 33, ПЗ 34 10, ПЗ 34 12 | G26: Материалы АГР | H26: 14 | I26: RusSet_AGR | J26: Подземный этаж | K26: RUS_BasementFloor | L26: Булевый | M26: - | N26: да/нет | O26: +
A27: Б.2 | B27: Непроизводственного назначения | C27: Объемно-планировочные и архитектурные решения | D27: IfcSpace | E27: Помещение | F27: ПЗ 30, ПЗ 30 10, ПЗ 30 20, ПЗ 30 30, ПЗ 31 01, ПЗ 31 02, ПЗ 31 03, ПЗ 31 04, ПЗ 31 05, ПЗ 31 06, ПЗ 31 07, ПЗ 31 08, ПЗ 31 09, ПЗ 31 10, ПЗ 31 12, ПЗ 31 13, ПЗ 31 14, ПЗ 31 15, ПЗ 31 16, ПЗ 31 17, ПЗ 32 10, ПЗ 32 12, ПЗ 32 13, ПЗ 32 14, ПЗ 32 15, ПЗ 32 16, ПЗ 33 10, ПЗ 33 12, ПЗ 33 13, ПЗ 33 14, ПЗ 33 15, ПЗ 33 16, ПЗ 33 17, ПЗ 33 18, ПЗ 33 19, ПЗ 33 20, ПЗ 33 21, ПЗ 33 22, ПЗ 33 23, ПЗ 33 24, ПЗ 33 25, ПЗ 33 26, ПЗ 33 27, ПЗ 33 28, ПЗ 33 29, ПЗ 33 30, ПЗ 33 31, ПЗ 33 32, ПЗ 33 33, ПЗ 34 10, ПЗ 34 12 | G27: Материалы АГР | H27: 15 | I27: RusSet_AGR | J27: Плавающая высотная отметка уровня | K27: RUS_GroundFloor | L27: Булевый | M27: - | N27: да/нет | O27: +
A28: Б.2 | B28: Непроизводственного назначения | C28: Объемно-планировочные и архитектурные решения | D28: IfcSpace | E28: Помещение | F28: ПЗ 30, ПЗ 30 10, ПЗ 30 20, ПЗ 30 30, ПЗ 31 01, ПЗ 31 02, ПЗ 31 03, ПЗ 31 04, ПЗ 31 05, ПЗ 31 06, ПЗ 31 07, ПЗ 31 08, ПЗ 31 09, ПЗ 31 10, ПЗ 31 12, ПЗ 31 13, ПЗ 31 14, ПЗ 31 15, ПЗ 31 16, ПЗ 31 17, ПЗ 32 10, ПЗ 32 12, ПЗ 32 13, ПЗ 32 14, ПЗ 32 15, ПЗ 32 16, ПЗ 33 10, ПЗ 33 12, ПЗ 33 13, ПЗ 33 14, ПЗ 33 15, ПЗ 33 16, ПЗ 33 17, ПЗ 33 18, ПЗ 33 19, ПЗ 33 20, ПЗ 33 21, ПЗ 33 22, ПЗ 33 23, ПЗ 33 24, ПЗ 33 25, ПЗ 33 26, ПЗ 33 27, ПЗ 33 28, ПЗ 33 29, ПЗ 33 30, ПЗ 33 31, ПЗ 33 32, ПЗ 33 33, ПЗ 34 10, ПЗ 34 12 | G28: Материалы АГР | H28: 16 | I28: RusSet_AGR | J28: Студия (тип квартиры) | K28: RUS_StudioApart | L28: Булевый | M28: - | N28: да/нет | O28: +
A29: Б.3.1 | B29: Непроизводственного назначения | C29: Объемно-планировочные и архитектурные решения | D29: IfcSpace | E29: Зона (СПП в ГНС) | G29: Общие данные | H29: 1 | I29: RusSet_Common | J29: Код помещения и зоны МССК | K29: RUS_MSSK_SpaceAndZone_Code | L29: Текстовый | M29: - | N29: - | O29: +
A30: Б.3.1 | B30: Непроизводственного назначения | C30: Объемно-планировочные и архитектурные решения | D30: IfcSpace | E30: Зона (СПП в ГНС) | G30: Общие данные | H30: 2 | I30: RusSet_Common | J30: Наименование | K30: RUS_Name | L30: Текстовый | M30: - | N30: СПП в ГНС | O30: +
A31: Б.3.1 | B31: Непроизводственного назначения | C31: Объемно-планировочные и архитектурные решения | D31: IfcSpace | E31: Зона (СПП в ГНС) | G31: Общие данные | H31: 3 | I31: RusSet_Common | J31: Наименование помещения и зоны МССК | K31: RUS_MSSK_SpaceAndZone_Name | L31: Текстовый | M31: - | N31: - | O31: +
A32: Б.3.1 | B32: Непроизводственного назначения | C32: Объемно-планировочные и архитектурные решения | D32: IfcSpace | E32: Зона (СПП в ГНС) | G32: Количественные параметры | H32: 4 | I32: RusSet_Quantities | J32: Высота | K32: RUS_Height | L32: Вещественный | M32: мм | N32: 3300 | O32: отменён
A33: Б.3.1 | B33: Непроизводственного назначения | C33: Объемно-планировочные и архитектурные решения | D33: IfcSpace | E33: Зона (СПП в ГНС) | G33: Количественные параметры | H33: 5 | I33: RusSet_Quantities | J33: Площадь | K33: RUS_Area | L33: Вещественный | M33: кв.м. | N33: 40 | O33: +
A34: Б.3.1 | B34: Непроизводственного назначения | C34: Объемно-планировочные и архитектурные решения | D34: IfcSpace | E34: Зона (СПП в ГНС) | G34: Количественные параметры | H34: 6 | I34: RusSet_Quantities | J34: Объем | K34: RUS_Volume | L34: Вещественный | M34: куб.м. | N34: 60 | O34: отменён
A35: Б.3.1 | B35: Непроизводственного назначения | C35: Объемно-планировочные и архитектурные решения | D35: IfcSpace | E35: Зона (СПП в ГНС) | G35: Местоположение | H35: 7 | I35: RusSet_Location | J35: Номер объекта (корпуса) | K35: RUS_Object | L35: Текстовый | M35: - | N35: К01 | O35: +
A36: Б.3.1 | B36: Непроизводственного назначения | C36: Объемно-планировочные и архитектурные решения | D36: IfcSpace | E36: Зона (СПП в ГНС) | G36: Местоположение | H36: 8 | I36: RusSet_Location | J36: Номер подобъекта (секции) | K36: RUS_Object_Sub | L36: Текстовый | M36: - | N36: С01 | O36: +
A37: Б.3.1 | B37: Непроизводственного назначения | C37: Объемно-планировочные и архитектурные решения | D37: IfcSpace | E37: Зона (СПП в ГНС) | G37: Идентификация | H37: 9 | I37: RusSet_Identification | J37: Категория функциональной зоны | K37: RUS_Zone | L37: Текстовый | M37: - | N37: СПП в ГНС | O37: +
A38: Б.3.1 | B38: Непроизводственного назначения | C38: Объемно-планировочные и архитектурные решения | D38: IfcSpace | E38: Зона (СПП в ГНС) | G38: Материалы АГР | H38: 10 | I38: RusSet_AGR | J38: Подземный этаж | K38: RUS_BasementFloor | L38: Булевый | M38: - | N38: да/нет | O38: +
A39: Б.3.1 | B39: Непроизводственного назначения | C39: Объемно-планировочные и архитектурные решения | D39: IfcSpace | E39: Зона (СПП в ГНС) | G39: Материалы АГР | H39: 11 | I39: RusSet_AGR | J39: Плавающая высотная отметка уровня | K39: RUS_GroundFloor | L39: Булевый | M39: - | N39: да/нет | O39: +
A40: Б.3.1 | B40: Непроизводственного назначения | C40: Объемно-планировочные и архитектурные решения | D40: IfcSpace | E40: Зона (СПП в ГНС) | G40: Материалы АГР | H40: 12 | I40: RusSet_AGR | J40: Жилая зона | K40: RUS_ResidentalRoom | L40: Булевый | M40: - | N40: да/нет | O40: +
A41: Б.3.2 | B41: Непроизводственного назначения | C41: Объемно-планировочные и архитектурные решения | D41: IfcSpace | E41: Зона (Общая площадь) | F41: ПЗ 03 | G41: Общие данные | H41: 1 | I41: RusSet_Common | J41: Код помещения и зоны МССК | K41: RUS_MSSK_SpaceAndZone_Code | L41: Текстовый | M41: - | N41: ПЗ 03 | O41: +
A42: Б.3.2 | B42: Непроизводственного назначения | C42: Объемно-планировочные и архитектурные решения | D42: IfcSpace | E42: Зона (Общая площадь) | F42: ПЗ 03 | G42: Общие данные | H42: 2 | I42: RusSet_Common | J42: Наименование | K42: RUS_Name | L42: Текстовый | M42: - | N42: Общая площадь | O42: +
A43: Б.3.2 | B43: Непроизводственного назначения | C43: Объемно-планировочные и архитектурные решения | D43: IfcSpace | E43: Зона (Общая площадь) | F43: ПЗ 03 | G43: Общие данные | H43: 3 | I43: RusSet_Common | J43: Наименование помещения и зоны МССК | K43: RUS_MSSK_SpaceAndZone_Name | L43: Текстовый | M43: - | N43: Общая площадь | O43: +
A44: Б.3.2 | B44: Непроизводственного назначения | C44: Объемно-планировочные и архитектурные решения | D44: IfcSpace | E44: Зона (Общая площадь) | F44: ПЗ 03 | G44: Количественные параметры | H44: 4 | I44: RusSet_Quantities | J44: Высота | K44: RUS_Height | L44: Вещественный | M44: мм | N44: 3300 | O44: отменён
A45: Б.3.2 | B45: Непроизводственного назначения | C45: Объемно-планировочные и архитектурные решения | D45: IfcSpace | E45: Зона (Общая площадь) | F45: ПЗ 03 | G45: Количественные параметры | H45: 5 | I45: RusSet_Quantities | J45: Площадь | K45: RUS_Area | L45: Вещественный | M45: кв.м. | N45: 40 | O45: +
A46: Б.3.2 | B46: Непроизводственного назначения | C46: Объемно-планировочные и архитектурные решения | D46: IfcSpace | E46: Зона (Общая площадь) | F46: ПЗ 03 | G46: Количественные параметры | H46: 6 | I46: RusSet_Quantities | J46: Объем | K46: RUS_Volume | L46: Вещественный | M46: куб.м. | N46: 60 | O46: отменён
A47: Б.3.2 | B47: Непроизводственного назначения | C47: Объемно-планировочные и архитектурные решения | D47: IfcSpace | E47: Зона (Общая площадь) | F47: ПЗ 03 | G47: Местоположение | H47: 7 | I47: RusSet_Location | J47: Номер объекта (корпуса) | K47: RUS_Object | L47: Текстовый | M47: - | N47: К01 | O47: +
A48: Б.3.2 | B48: Непроизводственного назначения | C48: Объемно-планировочные и архитектурные решения | D48: IfcSpace | E48: Зона (Общая площадь) | F48: ПЗ 03 | G48: Местоположение | H48: 8 | I48: RusSet_Location | J48: Номер подобъекта (секции) | K48: RUS_Object_Sub | L48: Текстовый | M48: - | N48: С01 | O48: +
A49: Б.3.2 | B49: Непроизводственного назначения | C49: Объемно-планировочные и архитектурные решения | D49: IfcSpace | E49: Зона (Общая площадь) | F49: ПЗ 03 | G49: Идентификация | H49: 9 | I49: RusSet_Identification | J49: Категория функциональной зоны | K49: RUS_Zone | L49: Текстовый | M49: - | N49: Общая площадь | O49: +
A50: Б.3.2 | B50: Непроизводственного назначения | C50: Объемно-планировочные и архитектурные решения | D50: IfcSpace | E50: Зона (Общая площадь) | F50: ПЗ 03 | G50: Материалы АГР | H50: 10 | I50: RusSet_AGR | J50: Подземный этаж | K50: RUS_BasementFloor | L50: Булевый | M50: - | N50: да/нет | O50: +
A51: Б.3.2 | B51: Непроизводственного назначения | C51: Объемно-планировочные и архитектурные решения | D51: IfcSpace | E51: Зона (Общая площадь) | F51: ПЗ 03 | G51: Материалы АГР | H51: 11 | I51: RusSet_AGR | J51: Плавающая высотная отметка уровня | K51: RUS_GroundFloor | L51: Булевый | M51: - | N51: да/нет | O51: +
A52: Б.3.2 | B52: Непроизводственного назначения | C52: Объемно-планировочные и архитектурные решения | D52: IfcSpace | E52: Зона (Общая площадь) | F52: ПЗ 03 | G52: Материалы АГР | H52: 12 | I52: RusSet_AGR | J52: Жилая зона | K52: RUS_ResidentalRoom | L52: Булевый | M52: - | N52: да/нет | O52: +
A53: Б.4 | B53: Непроизводственного назначения | C53: Объемно-планировочные и архитектурные решения | D53: IfcWall | E53: Стена, перегородка | F53: ЭЛ 20 20 06, ЭЛ 30 10 15, ЭЛ 30 10 20, ЭЛ 30 10 36, ЭЛ 30 10 75, ЭЛ 30 10 76, ЭЛ 30 10 77, ЭЛ 30 10 78, ЭЛ 30 10 79, ЭЛ 30 16 77, ЭЛ 30 16 78 | G53: Общие данные | H53: 1 | I53: RusSet_Common | J53: Код элемента МССК | K53: RUS_MSSK_Element_Code | L53: Текстовый | M53: - | N53: ЭЛ 30 10 20 | O53: +
A54: Б.4 | B54: Непроизводственного назначения | C54: Объемно-планировочные и архитектурные решения | D54: IfcWall | E54: Стена, перегородка | F54: ЭЛ 20 20 06, ЭЛ 30 10 15, ЭЛ 30 10 20, ЭЛ 30 10 36, ЭЛ 30 10 75, ЭЛ 30 10 76, ЭЛ 30 10 77, ЭЛ 30 10 78, ЭЛ 30 10 79, ЭЛ 30 16 77, ЭЛ 30 16 78 | G54: Общие данные | H54: 2 | I54: RusSet_Common | J54: Наименование | K54: RUS_Name | L54: Текстовый | M54: - | N54: Перегородка | O54: +
A55: Б.4 | B55: Непроизводственного назначения | C55: Объемно-планировочные и архитектурные решения | D55: IfcWall | E55: Стена, перегородка | F55: ЭЛ 20 20 06, ЭЛ 30 10 15, ЭЛ 30 10 20, ЭЛ 30 10 36, ЭЛ 30 10 75, ЭЛ 30 10 76, ЭЛ 30 10 77, ЭЛ 30 10 78, ЭЛ 30 10 79, ЭЛ 30 16 77, ЭЛ 30 16 78 | G55: Общие данные | H55: 3 | I55: RusSet_Common | J55: Наименование элемента МССК | K55: RUS_MSSK_Element_Name | L55: Текстовый | M55: - | N55: Перегородка | O55: +
A56: Б.4 | B56: Непроизводственного назначения | C56: Объемно-планировочные и архитектурные решения | D56: IfcWall | E56: Стена, перегородка | F56: ЭЛ 20 20 06, ЭЛ 30 10 15, ЭЛ 30 10 20, ЭЛ 30 10 36, ЭЛ 30 10 75, ЭЛ 30 10 76, ЭЛ 30 10 77, ЭЛ 30 10 78, ЭЛ 30 10 79, ЭЛ 30 16 77, ЭЛ 30 16 78 | G56: Количественные параметры | H56: 4 | I56: RusSet_Quantities | J56: Длина | K56: RUS_Length | L56: Вещественный | M56: мм | N56: 2100 | O56: +
A57: Б.4 | B57: Непроизводственного назначения | C57: Объемно-планировочные и архитектурные решения | D57: IfcWall | E57: Стена, перегородка | F57: ЭЛ 20 20 06, ЭЛ 30 10 15, ЭЛ 30 10 20, ЭЛ 30 10 36, ЭЛ 30 10 75, ЭЛ 30 10 76, ЭЛ 30 10 77, ЭЛ 30 10 78, ЭЛ 30 10 79, ЭЛ 30 16 77, ЭЛ 30 16 78 | G57: Количественные параметры | H57: 5 | I57: RusSet_Quantities | J57: Толщина | K57: RUS_Thickness | L57: Вещественный | M57: мм | N57: 150 | O57: отменён
A58: Б.4 | B58: Непроизводственного назначения | C58: Объемно-планировочные и архитектурные решения | D58: IfcWall | E58: Стена, перегородка | F58: ЭЛ 20 20 06, ЭЛ 30 10 15, ЭЛ 30 10 20, ЭЛ 30 10 36, ЭЛ 30 10 75, ЭЛ 30 10 76, ЭЛ 30 10 77, ЭЛ 30 10 78, ЭЛ 30 10 79, ЭЛ 30 16 77, ЭЛ 30 16 78 | G58: Количественные параметры | H58: 6 | I58: RusSet_Quantities | J58: Высота | K58: RUS_Height | L58: Вещественный | M58: мм | N58: 3300 | O58: +
A59: Б.4 | B59: Непроизводственного назначения | C59: Объемно-планировочные и архитектурные решения | D59: IfcWall | E59: Стена, перегородка | F59: ЭЛ 20 20 06, ЭЛ 30 10 15, ЭЛ 30 10 20, ЭЛ 30 10 36, ЭЛ 30 10 75, ЭЛ 30 10 76, ЭЛ 30 10 77, ЭЛ 30 10 78, ЭЛ 30 10 79, ЭЛ 30 16 77, ЭЛ 30 16 78 | G59: Количественные параметры | H59: 7 | I59: RusSet_Quantities | J59: Объем | K59: RUS_Volume | L59: Вещественный | M59: куб.м. | N59: 0.7 | O59: +
A60: Б.4 | B60: Непроизводственного назначения | C60: Объемно-планировочные и архитектурные решения | D60: IfcWall | E60: Стена, перегородка | F60: ЭЛ 20 20 06, ЭЛ 30 10 15, ЭЛ 30 10 20, ЭЛ 30 10 36, ЭЛ 30 10 75, ЭЛ 30 10 76, ЭЛ 30 10 77, ЭЛ 30 10 78, ЭЛ 30 10 79, ЭЛ 30 16 77, ЭЛ 30 16 78 | G60: Местоположение | H60: 8 | I60: RusSet_Location | J60: Номер объекта (корпуса) | K60: RUS_Object | L60: Текстовый | M60: - | N60: К01 | O60: +
A61: Б.4 | B61: Непроизводственного назначения | C61: Объемно-планировочные и архитектурные решения | D61: IfcWall | E61: Стена, перегородка | F61: ЭЛ 20 20 06, ЭЛ 30 10 15, ЭЛ 30 10 20, ЭЛ 30 10 36, ЭЛ 30 10 75, ЭЛ 30 10 76, ЭЛ 30 10 77, ЭЛ 30 10 78, ЭЛ 30 10 79, ЭЛ 30 16 77, ЭЛ 30 16 78 | G61: Местоположение | H61: 9 | I61: RusSet_Location | J61: Номер подобъекта (секции) | K61: RUS_Object_Sub | L61: Текстовый | M61: - | N61: С01 | O61: +
A62: Б.5 | B62: Непроизводственного назначения | C62: Объемно-планировочные и архитектурные решения | D62: IfcColumn | E62: Колонна, пилястра | F62: ЭЛ 30 16 15, ЭЛ 30 16 25, ЭЛ 30 16 40, ЭЛ 30 16 42, ЭЛ 30 16 50, ЭЛ 30 16 51 | G62: Общие данные | H62: 1 | I62: RusSet_Common | J62: Код элемента МССК | K62: RUS_MSSK_Element_Code | L62: Текстовый | M62: - | N62: ЭЛ 30 16 51 | O62: +
A63: Б.5 | B63: Непроизводственного назначения | C63: Объемно-планировочные и архитектурные решения | D63: IfcColumn | E63: Колонна, пилястра | F63: ЭЛ 30 16 15, ЭЛ 30 16 25, ЭЛ 30 16 40, ЭЛ 30 16 42, ЭЛ 30 16 50, ЭЛ 30 16 51 | G63: Общие данные | H63: 2 | I63: RusSet_Common | J63: Наименование | K63: RUS_Name | L63: Текстовый | M63: - | N63: Пилястра | O63: +
A64: Б.5 | B64: Непроизводственного назначения | C64: Объемно-планировочные и архитектурные решения | D64: IfcColumn | E64: Колонна, пилястра | F64: ЭЛ 30 16 15, ЭЛ 30 16 25, ЭЛ 30 16 40, ЭЛ 30 16 42, ЭЛ 30 16 50, ЭЛ 30 16 51 | G64: Общие данные | H64: 3 | I64: RusSet_Common | J64: Наименование элемента МССК | K64: RUS_MSSK_Element_Name | L64: Текстовый | M64: - | N64: Пилястра | O64: +
A65: Б.5 | B65: Непроизводственного назначения | C65: Объемно-планировочные и архитектурные решения | D65: IfcColumn | E65: Колонна, пилястра | F65: ЭЛ 30 16 15, ЭЛ 30 16 25, ЭЛ 30 16 40, ЭЛ 30 16 42, ЭЛ 30 16 50, ЭЛ 30 16 51 | G65: Количественные параметры | H65: 4 | I65: RusSet_Quantities | J65: Длина | K65: RUS_Length | L65: Вещественный | M65: мм | N65: 2100 | O65: отменён
A66: Б.5 | B66: Непроизводственного назначения | C66: Объемно-планировочные и архитектурные решения | D66: IfcColumn | E66: Колонна, пилястра | F66: ЭЛ 30 16 15, ЭЛ 30 16 25, ЭЛ 30 16 40, ЭЛ 30 16 42, ЭЛ 30 16 50, ЭЛ 30 16 51 | G66: Количественные параметры | H66: 5 | I66: RusSet_Quantities | J66: Ширина | K66: RUS_Width | L66: Вещественный | M66: мм | N66: 150 | O66: +
A67: Б.5 | B67: Непроизводственного назначения | C67: Объемно-планировочные и архитектурные решения | D67: IfcColumn | E67: Колонна, пилястра | F67: ЭЛ 30 16 15, ЭЛ 30 16 25, ЭЛ 30 16 40, ЭЛ 30 16 42, ЭЛ 30 16 50, ЭЛ 30 16 51 | G67: Количественные параметры | H67: 6 | I67: RusSet_Quantities | J67: Высота | K67: RUS_Height | L67: Вещественный | M67: мм | N67: 600 | O67: +
A68: Б.5 | B68: Непроизводственного назначения | C68: Объемно-планировочные и архитектурные решения | D68: IfcColumn | E68: Колонна, пилястра | F68: ЭЛ 30 16 15, ЭЛ 30 16 25, ЭЛ 30 16 40, ЭЛ 30 16 42, ЭЛ 30 16 50, ЭЛ 30 16 51 | G68: Количественные параметры | H68: 7 | I68: RusSet_Quantities | J68: Диаметр | K68: RUS_Diametr | L68: Вещественный | M68: мм | N68: 300 | O68: +
A69: Б.5 | B69: Непроизводственного назначения | C69: Объемно-планировочные и архитектурные решения | D69: IfcColumn | E69: Колонна, пилястра | F69: ЭЛ 30 16 15, ЭЛ 30 16 25, ЭЛ 30 16 40, ЭЛ 30 16 42, ЭЛ 30 16 50, ЭЛ 30 16 51 | G69: Количественные параметры | H69: 8 | I69: RusSet_Quantities | J69: Объем | K69: RUS_Volume | L69: Вещественный | M69: куб.м. | N69: 0.7 | O69: отменён
A70: Б.5 | B70: Непроизводственного назначения | C70: Объемно-планировочные и архитектурные решения | D70: IfcColumn | E70: Колонна, пилястра | F70: ЭЛ 30 16 15, ЭЛ 30 16 25, ЭЛ 30 16 40, ЭЛ 30 16 42, ЭЛ 30 16 50, ЭЛ 30 16 51 | G70: Местоположение | H70: 9 | I70: RusSet_Location | J70: Номер объекта (корпуса) | K70: RUS_Object | L70: Текстовый | M70: - | N70: К01 | O70: +
A71: Б.5 | B71: Непроизводственного назначения | C71: Объемно-планировочные и архитектурные решения | D71: IfcColumn | E71: Колонна, пилястра | F71: ЭЛ 30 16 15, ЭЛ 30 16 25, ЭЛ 30 16 40, ЭЛ 30 16 42, ЭЛ 30 16 50, ЭЛ 30 16 51 | G71: Местоположение | H71: 10 | I71: RusSet_Location | J71: Номер подобъекта (секции) | K71: RUS_Object_Sub | L71: Текстовый | M71: - | N71: С01 | O71: +
A72: Б.6 | B72: Непроизводственного назначения | C72: Объемно-планировочные и архитектурные решения | D72: IfcStair | E72: Лестница | F72: ЭЛ 30 24 30, ЭЛ 30 24 35 | G72: Общие данные | H72: 1 | I72: RusSet_Common | J72: Код элемента МССК | K72: RUS_MSSK_Element_Code | L72: Текстовый | M72: - | N72: ЭЛ 30 24 30 | O72: +
A73: Б.6 | B73: Непроизводственного назначения | C73: Объемно-планировочные и архитектурные решения | D73: IfcStair | E73: Лестница | F73: ЭЛ 30 24 30, ЭЛ 30 24 35 | G73: Общие данные | H73: 2 | I73: RusSet_Common | J73: Наименование | K73: RUS_Name | L73: Текстовый | M73: - | N73: Лестница монолитная | O73: +
A74: Б.6 | B74: Непроизводственного назначения | C74: Объемно-планировочные и архитектурные решения | D74: IfcStair | E74: Лестница | F74: ЭЛ 30 24 30, ЭЛ 30 24 35 | G74: Общие данные | H74: 3 | I74: RusSet_Common | J74: Наименование элемента МССК | K74: RUS_MSSK_Element_Name | L74: Текстовый | M74: - | N74: Лестница | O74: +
A75: Б.6 | B75: Непроизводственного назначения | C75: Объемно-планировочные и архитектурные решения | D75: IfcStair | E75: Лестница | F75: ЭЛ 30 24 30, ЭЛ 30 24 35 | G75: Количественные параметры | H75: 4 | I75: RusSet_Quantities | J75: Ширина | K75: RUS_Width | L75: Вещественный | M75: мм | N75: 2100 | O75: отменён
A76: Б.6 | B76: Непроизводственного назначения | C76: Объемно-планировочные и архитектурные решения | D76: IfcStair | E76: Лестница | F76: ЭЛ 30 24 30, ЭЛ 30 24 35 | G76: Количественные параметры | H76: 5 | I76: RusSet_Quantities | J76: Высота | K76: RUS_Height | L76: Вещественный | M76: мм | N76: 3300 | O76: отменён
A77: Б.6 | B77: Непроизводственного назначения | C77: Объемно-планировочные и архитектурные решения | D77: IfcStair | E77: Лестница | F77: ЭЛ 30 24 30, ЭЛ 30 24 35 | G77: Местоположение | H77: 6 | I77: RusSet_Location | J77: Номер объекта (корпуса) | K77: RUS_Object | L77: Текстовый | M77: - | N77: К01 | O77: +
A78: Б.6 | B78: Непроизводственного назначения | C78: Объемно-планировочные и архитектурные решения | D78: IfcStair | E78: Лестница | F78: ЭЛ 30 24 30, ЭЛ 30 24 35 | G78: Местоположение | H78: 7 | I78: RusSet_Location | J78: Номер подобъекта (секции) | K78: RUS_Object_Sub | L78: Текстовый | M78: - | N78: С01 | O78: +
A79: Б.7 | B79: Непроизводственного назначения | C79: Объемно-планировочные и архитектурные решения | D79: IfcRamp | E79: Пандус, рампа | F79: ЭЛ 30 24 40, ЭЛ 30 24 60 | G79: Общие данные | H79: 1 | I79: RusSet_Common | J79: Код элемента МССК | K79: RUS_MSSK_Element_Code | L79: Текстовый | M79: - | N79: ЭЛ 30 24 40 | O79: +
A80: Б.7 | B80: Непроизводственного назначения | C80: Объемно-планировочные и архитектурные решения | D80: IfcRamp | E80: Пандус, рампа | F80: ЭЛ 30 24 40, ЭЛ 30 24 60 | G80: Общие данные | H80: 2 | I80: RusSet_Common | J80: Наименование | K80: RUS_Name | L80: Текстовый | M80: - | N80: Пандус монолитная | O80: +
A81: Б.7 | B81: Непроизводственного назначения | C81: Объемно-планировочные и архитектурные решения | D81: IfcRamp | E81: Пандус, рампа | F81: ЭЛ 30 24 40, ЭЛ 30 24 60 | G81: Общие данные | H81: 3 | I81: RusSet_Common | J81: Наименование элемента МССК | K81: RUS_MSSK_Element_Name | L81: Текстовый | M81: - | N81: Пандус | O81: +
A82: Б.7 | B82: Непроизводственного назначения | C82: Объемно-планировочные и архитектурные решения | D82: IfcRamp | E82: Пандус, рампа | F82: ЭЛ 30 24 40, ЭЛ 30 24 60 | G82: Количественные параметры | H82: 4 | I82: RusSet_Quantities | J82: Уклон | K82: RUS_Slope | L82: Вещественный | M82: ˚ | N82: 20 | O82: +
A83: Б.7 | B83: Непроизводственного назначения | C83: Объемно-планировочные и архитектурные решения | D83: IfcRamp | E83: Пандус, рампа | F83: ЭЛ 30 24 40, ЭЛ 30 24 60 | G83: Количественные параметры | H83: 5 | I83: RusSet_Quantities | J83: Ширина | K83: RUS_Width | L83: Вещественный | M83: мм | N83: 2100 | O83: отменён
A84: Б.7 | B84: Непроизводственного назначения | C84: Объемно-планировочные и архитектурные решения | D84: IfcRamp | E84: Пандус, рампа | F84: ЭЛ 30 24 40, ЭЛ 30 24 60 | G84: Количественные параметры | H84: 6 | I84: RusSet_Quantities | J84: Высота | K84: RUS_Height | L84: Вещественный | M84: мм | N84: 3300 | O84: отменён
A85: Б.7 | B85: Непроизводственного назначения | C85: Объемно-планировочные и архитектурные решения | D85: IfcRamp | E85: Пандус, рампа | F85: ЭЛ 30 24 40, ЭЛ 30 24 60 | G85: Местоположение | H85: 7 | I85: RusSet_Location | J85: Номер объекта (корпуса) | K85: RUS_Object | L85: Текстовый | M85: - | N85: К01 | O85: +
A86: Б.7 | B86: Непроизводственного назначения | C86: Объемно-планировочные и архитектурные решения | D86: IfcRamp | E86: Пандус, рампа | F86: ЭЛ 30 24 40, ЭЛ 30 24 60 | G86: Местоположение | H86: 8 | I86: RusSet_Location | J86: Номер подобъекта (секции) | K86: RUS_Object_Sub | L86: Текстовый | M86: - | N86: С01 | O86: +
A87: Б.8 | B87: Непроизводственного назначения | C87: Объемно-планировочные и архитектурные решения | D87: IfcSlab | E87: Перекрытие | F87: ЭЛ 30 10 40, ЭЛ 30 10 56, ЭЛ 30 10 57, ЭЛ 30 10 58, ЭЛ 30 10 80, ЭЛ 30 16 25, ЭЛ 30 24 20, ЭЛ 30 24 50, ЭЛ 30 24 51, ЭЛ 60 20 13 | G87: Общие данные | H87: 1 | I87: RusSet_Common | J87: Код элемента МССК | K87: RUS_MSSK_Element_Code | L87: Текстовый | M87: - | N87: ЭЛ 30 10 40 | O87: +
A88: Б.8 | B88: Непроизводственного назначения | C88: Объемно-планировочные и архитектурные решения | D88: IfcSlab | E88: Перекрытие | F88: ЭЛ 30 10 40, ЭЛ 30 10 56, ЭЛ 30 10 57, ЭЛ 30 10 58, ЭЛ 30 10 80, ЭЛ 30 16 25, ЭЛ 30 24 20, ЭЛ 30 24 50, ЭЛ 30 24 51, ЭЛ 60 20 13 | G88: Общие данные | H88: 2 | I88: RusSet_Common | J88: Наименование | K88: RUS_Name | L88: Текстовый | M88: - | N88: Перекрытие монолитное | O88: +
A89: Б.8 | B89: Непроизводственного назначения | C89: Объемно-планировочные и архитектурные решения | D89: IfcSlab | E89: Перекрытие | F89: ЭЛ 30 10 40, ЭЛ 30 10 56, ЭЛ 30 10 57, ЭЛ 30 10 58, ЭЛ 30 10 80, ЭЛ 30 16 25, ЭЛ 30 24 20, ЭЛ 30 24 50, ЭЛ 30 24 51, ЭЛ 60 20 13 | G89: Общие данные | H89: 3 | I89: RusSet_Common | J89: Наименование элемента МССК | K89: RUS_MSSK_Element_Name | L89: Текстовый | M89: - | N89: Перекрытие | O89: +
A90: Б.8 | B90: Непроизводственного назначения | C90: Объемно-планировочные и архитектурные решения | D90: IfcSlab | E90: Перекрытие | F90: ЭЛ 30 10 40, ЭЛ 30 10 56, ЭЛ 30 10 57, ЭЛ 30 10 58, ЭЛ 30 10 80, ЭЛ 30 16 25, ЭЛ 30 24 20, ЭЛ 30 24 50, ЭЛ 30 24 51, ЭЛ 60 20 13 | G90: Количественные параметры | H90: 4 | I90: RusSet_Quantities | J90: Толщина | K90: RUS_Thickness | L90: Вещественный | M90: мм | N90: 150 | O90: +
A91: Б.8 | B91: Непроизводственного назначения | C91: Объемно-планировочные и архитектурные решения | D91: IfcSlab | E91: Перекрытие | F91: ЭЛ 30 10 40, ЭЛ 30 10 56, ЭЛ 30 10 57, ЭЛ 30 10 58, ЭЛ 30 10 80, ЭЛ 30 16 25, ЭЛ 30 24 20, ЭЛ 30 24 50, ЭЛ 30 24 51, ЭЛ 60 20 13 | G91: Количественные параметры | H91: 5 | I91: RusSet_Quantities | J91: Длина | K91: RUS_Length | L91: Вещественный | M91: мм | N91: 21000 | O91: отменён
A92: Б.8 | B92: Непроизводственного назначения | C92: Объемно-планировочные и архитектурные решения | D92: IfcSlab | E92: Перекрытие | F92: ЭЛ 30 10 40, ЭЛ 30 10 56, ЭЛ 30 10 57, ЭЛ 30 10 58, ЭЛ 30 10 80, ЭЛ 30 16 25, ЭЛ 30 24 20, ЭЛ 30 24 50, ЭЛ 30 24 51, ЭЛ 60 20 13 | G92: Количественные параметры | H92: 6 | I92: RusSet_Quantities | J92: Объем | K92: RUS_Volume | L92: Вещественный | M92: куб.м. | N92: 20 | O92: отменён
A93: Б.8 | B93: Непроизводственного назначения | C93: Объемно-планировочные и архитектурные решения | D93: IfcSlab | E93: Перекрытие | F93: ЭЛ 30 10 40, ЭЛ 30 10 56, ЭЛ 30 10 57, ЭЛ 30 10 58, ЭЛ 30 10 80, ЭЛ 30 16 25, ЭЛ 30 24 20, ЭЛ 30 24 50, ЭЛ 30 24 51, ЭЛ 60 20 13 | G93: Количественные параметры | H93: 7 | I93: RusSet_Quantities | J93: Ширина | K93: RUS_Width | L93: Вещественный | M93: мм | N93: 10100 | O93: отменён
A94: Б.8 | B94: Непроизводственного назначения | C94: Объемно-планировочные и архитектурные решения | D94: IfcSlab | E94: Перекрытие | F94: ЭЛ 30 10 40, ЭЛ 30 10 56, ЭЛ 30 10 57, ЭЛ 30 10 58, ЭЛ 30 10 80, ЭЛ 30 16 25, ЭЛ 30 24 20, ЭЛ 30 24 50, ЭЛ 30 24 51, ЭЛ 60 20 13 | G94: Местоположение | H94: 8 | I94: RusSet_Location | J94: Номер объекта (корпуса) | K94: RUS_Object | L94: Текстовый | M94: - | N94: К01 | O94: +
A95: Б.8 | B95: Непроизводственного назначения | C95: Объемно-планировочные и архитектурные решения | D95: IfcSlab | E95: Перекрытие | F95: ЭЛ 30 10 40, ЭЛ 30 10 56, ЭЛ 30 10 57, ЭЛ 30 10 58, ЭЛ 30 10 80, ЭЛ 30 16 25, ЭЛ 30 24 20, ЭЛ 30 24 50, ЭЛ 30 24 51, ЭЛ 60 20 13 | G95: Местоположение | H95: 9 | I95: RusSet_Location | J95: Номер подобъекта (секции) | K95: RUS_Object_Sub | L95: Текстовый | M95: - | N95: С01 | O95: +
A96: Б.9 | B96: Непроизводственного назначения | C96: Объемно-планировочные и архитектурные решения | D96: IfcWindow | E96: Окно, балконный блок, остекление витража | F96: ЭЛ 20 30 24, ЭЛ 30 18 09, ЭЛ 30 18 40, ЭЛ 30 18 52, ЭЛ 30 18 52 10 | G96: Общие данные | H96: 1 | I96: RusSet_Common | J96: Код элемента МССК | K96: RUS_MSSK_Element_Code | L96: Текстовый | M96: - | N96: ЭЛ 30 18 40 | O96: +
A97: Б.9 | B97: Непроизводственного назначения | C97: Объемно-планировочные и архитектурные решения | D97: IfcWindow | E97: Окно, балконный блок, остекление витража | F97: ЭЛ 20 30 24, ЭЛ 30 18 09, ЭЛ 30 18 40, ЭЛ 30 18 52, ЭЛ 30 18 52 10 | G97: Общие данные | H97: 2 | I97: RusSet_Common | J97: Код материала МССК | K97: RUS_MSSK_Material_Code | L97: Текстовый | M97: - | N97: СТ 10 17 20 10 | O97: +
A98: Б.9 | B98: Непроизводственного назначения | C98: Объемно-планировочные и архитектурные решения | D98: IfcWindow | E98: Окно, балконный блок, остекление витража | F98: ЭЛ 20 30 24, ЭЛ 30 18 09, ЭЛ 30 18 40, ЭЛ 30 18 52, ЭЛ 30 18 52 10 | G98: Общие данные | H98: 3 | I98: RusSet_Common | J98: Наименование | K98: RUS_Name | L98: Текстовый | M98: - | N98: Окно | O98: +
A99: Б.9 | B99: Непроизводственного назначения | C99: Объемно-планировочные и архитектурные решения | D99: IfcWindow | E99: Окно, балконный блок, остекление витража | F99: ЭЛ 20 30 24, ЭЛ 30 18 09, ЭЛ 30 18 40, ЭЛ 30 18 52, ЭЛ 30 18 52 10 | G99: Общие данные | H99: 4 | I99: RusSet_Common | J99: Наименование элемента МССК | K99: RUS_MSSK_Element_Name | L99: Текстовый | M99: - | N99: Окно | O99: +
A100: Б.9 | B100: Непроизводственного назначения | C100: Объемно-планировочные и архитектурные решения | D100: IfcWindow | E100: Окно, балконный блок, остекление витража | F100: ЭЛ 20 30 24, ЭЛ 30 18 09, ЭЛ 30 18 40, ЭЛ 30 18 52, ЭЛ 30 18 52 10 | G100: Общие данные | H100: 5 | I100: RusSet_Common | J100: Наименование материала МССК | K100: RUS_MSSK_Material_Name | L100: Текстовый | M100: - | N100: Алюминий | O100: +
...

Sheet СТ_Эл.
A1: Изм. | B1: +
A3: Элемент: | B3: Класс IFC: | C3: Набор атрибутов | D3: Имя параметра IFC | E3: Наименование параметра | F3: Тип данных | G3: Пример
A4: Вспомогательное 3D-тело | B4: IfcBuildingElementProxy | C4: RusSet_Common | D4: RUS_MSSK_Element_Code | E4: Код элемента МССК | F4: Текстовый | G4: ЭЛ 30 30
D5: RUS_MSSK_Element_Name | E5: Наименование элемента МССК | F5: Текстовый | G5: Подземная часть здания
D6: RUS_Name | E6: Наименование | F6: Текстовый | G6: Объем подземной части здания
C7: RusSet_Location | D7: RUS_Object | E7: Номер объекта (корпуса) | F7: Текстовый | G7: К01
D8: RUS_Object_Sub | E8: Номер подобъекта (секции) | F8: Текстовый | G8: С01
A10: Дверь, ворота, люк | B10: IfcDoor | C10: RusSet_Common | D10: RUS_MSSK_Element_Code | E10: Код элемента МССК | F10: Текстовый | G10: ЭЛ 30 18 30
D11: RUS_MSSK_Element_Name | E11: Наименование элемента МССК | F11: Текстовый | G11: Дверь
D12: RUS_MSSK_Material_Code
D13: RUS_MSSK_Material_Name
D14: RUS_Name | E14: Наименование | F14: Текстовый | G14: Ворота
C15: RusSet_Location | D15: RUS_Object | E15: Номер объекта (корпуса) | F15: Текстовый | G15: К01
D16: RUS_Object_Sub | E16: Номер подобъекта (секции) | F16: Текстовый | G16: С01
C17: RusSet_Quantities | D17: RUS_Height | E17: Высота | F17: Вещественный | G17: 2100
D18: RUS_Width | E18: Ширина | F18: Вещественный | G18: 1000
A20: Зона (Общая площадь) | B20: IfcSpace | C20: RusSet_AGR | D20: RUS_BasementFloor | E20: Подземный этаж | F20: Булевый | G20: да/нет
D21: RUS_GroundFloor | E21: Плавающая высотная отметка уровня | F21: Булевый | G21: да/нет
D22: RUS_ResidentalRoom | E22: Жилая зона | F22: Булевый | G22: да/нет
C23: RusSet_Common | D23: RUS_MSSK_SpaceAndZone_Code | E23: Код помещения и зоны МССК | F23: Текстовый | G23: ПЗ 03
D24: RUS_MSSK_SpaceAndZone_Name | E24: Наименование помещения и зоны МССК | F24: Текстовый | G24: Общая площадь
D25: RUS_Name | E25: Наименование | F25: Текстовый | G25: Общая площадь
C26: RusSet_Identification | D26: RUS_Zone | E26: Категория функциональной зоны | F26: Текстовый | G26: Общая площадь
C27: RusSet_Location | D27: RUS_Object | E27: Номер объекта (корпуса) | F27: Текстовый | G27: К01
D28: RUS_Object_Sub | E28: Номер подобъекта (секции) | F28: Текстовый | G28: С01
C29: RusSet_Quantities | D29: RUS_Area | E29: Площадь | F29: Вещественный | G29: 40
A30: Зона (СПП в ГНС) | B30: IfcSpace | C30: RusSet_AGR | D30: RUS_BasementFloor | E30: Подземный этаж | F30: Булевый | G30: да/нет
D31: RUS_GroundFloor | E31: Плавающая высотная отметка уровня | F31: Булевый | G31: да/нет
D32: RUS_ResidentalRoom | E32: Жилая зона | F32: Булевый | G32: да/нет
C33: RusSet_Common | D33: RUS_MSSK_SpaceAndZone_Code | E33: Код помещения и зоны МССК | F33: Текстовый | G33: -
D34: RUS_MSSK_SpaceAndZone_Name | E34: Наименование помещения и зоны МССК | F34: Текстовый | G34: -
D35: RUS_Name | E35: Наименование | F35: Текстовый | G35: СПП в ГНС
C36: RusSet_Identification | D36: RUS_Zone | E36: Категория функциональной зоны | F36: Текстовый | G36: СПП в ГНС
C37: RusSet_Location | D37: RUS_Object | E37: Номер объекта (корпуса) | F37: Текстовый | G37: К01
D38: RUS_Object_Sub | E38: Номер подобъекта (секции) | F38: Текстовый | G38: С01
C39: RusSet_Quantities | D39: RUS_Area | E39: Площадь | F39: Вещественный | G39: 40
A41: Импост витражной системы (навесного фасада) | B41: IfcMember | C41: RusSet_Common | D41: RUS_MSSK_Element_Code | E41: Код элемента МССК | F41: Текстовый | G41: ЭЛ 30 10 10 20
D42: RUS_MSSK_Material_Code
D43: RUS_MSSK_Material_Name
D44: RUS_Name | E44: Наименование | F44: Текстовый | G44: Импост витражной системы
C45: RusSet_Location | D45: RUS_Object | E45: Номер объекта (корпуса) | F45: Текстовый | G45: К01
D46: RUS_Object_Sub | E46: Номер подобъекта (секции) | F46: Текстовый | G46: С01
A48: Колонна, пилястра | B48: IfcColumn | C48: RusSet_Common | D48: RUS_MSSK_Element_Code | E48: Код элемента МССК | F48: Текстовый | G48: ЭЛ 30 16 51
D49: RUS_MSSK_Element_Name | E49: Наименование элемента МССК | F49: Текстовый | G49: Пилястра
D50: RUS_Name | E50: Наименование | F50: Текстовый | G50: Пилястра
C51: RusSet_Location | D51: RUS_Object | E51: Номер объекта (корпуса) | F51: Текстовый | G51: К01
D52: RUS_Object_Sub | E52: Номер подобъекта (секции) | F52: Текстовый | G52: С01
C53: RusSet_Quantities | D53: RUS_Diametr | E53: Диаметр | F53: Вещественный | G53: 300
D54: RUS_Height | E54: Высота | F54: Вещественный | G54: 600
D55: RUS_Width | E55: Ширина | F55: Вещественный | G55: 150
A57: Лестница | B57: IfcStair | C57: RusSet_Common | D57: RUS_MSSK_Element_Code | E57: Код элемента МССК | F57: Текстовый | G57: ЭЛ 30 24 30
D58: RUS_MSSK_Element_Name | E58: Наименование элемента МССК | F58: Текстовый | G58: Лестница
D59: RUS_Name | E59: Наименование | F59: Текстовый | G59: Лестница монолитная
C60: RusSet_Location | D60: RUS_Object | E60: Номер объекта (корпуса) | F60: Текстовый | G60: К01
D61: RUS_Object_Sub | E61: Номер подобъекта (секции) | F61: Текстовый | G61: С01
A63: Объект | B63: IfcBuilding | C63: RusSet_AGR | D63: RUS_FNO | E63: Функциональное назначение объекта | F63: Текстовый | G63: Жилое здание/Нежилое здание
C64: RusSet_Project | D64: RUS_BuildingAddress | E64: Адрес | F64: Текстовый | G64: г. Москва, Проспект Мира
D65: RUS_ProjectName | E65: Наименование проекта | F65: Текстовый | G65: Жилой дом
A67: Окно, балконный блок, остекление витража | B67: IfcWindow | C67: RusSet_Common | D67: RUS_MSSK_Element_Code | E67: Код элемента МССК | F67: Текстовый | G67: ЭЛ 30 18 40
D68: RUS_MSSK_Element_Name | E68: Наименование элемента МССК | F68: Текстовый | G68: Окно
D69: RUS_MSSK_Material_Code
D70: RUS_MSSK_Material_Name
D71: RUS_Name | E71: Наименование | F71: Текстовый | G71: Окно
C72: RusSet_Location | D72: RUS_Object | E72: Номер объекта (корпуса) | F72: Текстовый | G72: К01
D73: RUS_Object_Sub | E73: Номер подобъекта (секции) | F73: Текстовый | G73: С01
C74: RusSet_Quantities | D74: RUS_Height | E74: Высота | F74: Вещественный | G74: 2100
D75: RUS_Width | E75: Ширина | F75: Вещественный | G75: 1000
A77: Пандус, рампа | B77: IfcRamp | C77: RusSet_Common | D77: RUS_MSSK_Element_Code | E77: Код элемента МССК | F77: Текстовый | G77: ЭЛ 30 24 40
D78: RUS_MSSK_Element_Name | E78: Наименование элемента МССК | F78: Текстовый | G78: Пандус
D79: RUS_Name | E79: Наименование | F79: Текстовый | G79: Пандус монолитная
C80: RusSet_Location | D80: RUS_Object | E80: Номер объекта (корпуса) | F80: Текстовый | G80: К01
D81: RUS_Object_Sub | E81: Номер подобъекта (секции) | F81: Текстовый | G81: С01
C82: RusSet_Quantities | D82: RUS_Slope | E82: Уклон | F82: Вещественный | G82: 20
A84: Панель витражной системы (навесного фасада) | B84: IfcPlate | C84: RusSet_Common | D84: RUS_MSSK_Element_Code | E84: Код элемента МССК | F84: Текстовый | G84: ЭЛ 30 10 10 10
D85: RUS_MSSK_Element_Name | E85: Наименование элемента МССК | F85: Текстовый | G85: Панель витражной систем
D86: RUS_MSSK_Material_Code
D87: RUS_MSSK_Material_Name
D88: RUS_Name | E88: Наименование | F88: Текстовый | G88: Панель витражной системы
C89: RusSet_Location | D89: RUS_Object | E89: Номер объекта (корпуса) | F89: Текстовый | G89: К01
D90: RUS_Object_Sub | E90: Номер подобъекта (секции) | F90: Текстовый | G90: С01
A92: Перекрытие | B92: IfcSlab | C92: RusSet_Common | D92: RUS_MSSK_Element_Code | E92: Код элемента МССК | F92: Текстовый | G92: ЭЛ 30 10 40
D93: RUS_MSSK_Element_Name | E93: Наименование элемента МССК | F93: Текстовый | G93: Перекрытие
D94: RUS_Name | E94: Наименование | F94: Текстовый | G94: Перекрытие монолитное
C95: RusSet_Location | D95: RUS_Object | E95: Номер объекта (корпуса) | F95: Текстовый | G95: К01
D96: RUS_Object_Sub | E96: Номер подобъекта (секции) | F96: Текстовый | G96: С01
C97: RusSet_Quantities | D97: RUS_Thickness | E97: Толщина | F97: Вещественный | G97: 150
A99: Помещение | B99: IfcSpace | C99: RusSet_AGR | D99: RUS_BasementFloor | E99: Подземный этаж | F99: Булевый | G99: да/нет
D100: RUS_GroundFloor | E100: Плавающая высотная отметка уровня | F100: Булевый | G100: да/нет
D101: RUS_StudioApart | E101: Студия (тип квартиры) | F101: Булевый | G101: да/нет
C102: RusSet_Common | D102: RUS_MSSK_SpaceAndZone_Code | E102: Код помещения и зоны МССК | F102: Текстовый | G102: ПЗ 30 20 07
D103: RUS_MSSK_SpaceAndZone_Name | E103: Наименование помещения и зоны МССК | F103: Текстовый | G103: Кухня
D104: RUS_Name | E104: Наименование | F104: Текстовый | G104: Кухня
C105: RusSet_Identification | D105: RUS_Group_Number | E105: Номер группы помещений | F105: Текстовый | G105: 12
D106: RUS_Group_Type | E106: Группа помещений | F106: Текстовый | G106: Квартира
D107: RUS_Number | E107: Номер помещения | F107: Текстовый | G107: 1
D108: RUS_Zone | E108: Категория функциональной зоны | F108: Текстовый | G108: Жилая зона
C109: RusSet_Location | D109: RUS_Object | E109: Номер объекта (корпуса) | F109: Текстовый | G109: К01
D110: RUS_Object_Sub | E110: Номер подобъекта (секции) | F110: Текстовый | G110: С01
C111: RusSet_Quantities | D111: RUS_Area | E111: Площадь | F111: Вещественный | G111: 40
A113: Стена, перегородка | B113: IfcWall | C113: RusSet_Common | D113: RUS_MSSK_Element_Code | E113: Код элемента МССК | F113: Текстовый | G113: ЭЛ 30 10 20
...

Sheet СТ_Атр.
A1: Изм. | B1: +
A3: Имя параметра IFC | B3: Наименование параметра | C3: Набор атрибутов | D3: Класс IFC: | E3: Элемент: | F3: Тип данных | G3: Пример
A4: RUS_Area | B4: Площадь | C4: RusSet_Quantities | D4: IfcSpace | E4: Зона (Общая площадь) | F4: Вещественный | G4: 40
E5: Зона (СПП в ГНС) | F5: Вещественный | G5: 40
E6: Помещение | F6: Вещественный | G6: 40
A7: RUS_BasementFloor | B7: Подземный этаж | C7: RusSet_AGR | D7: IfcSpace | E7: Зона (Общая площадь) | F7: Булевый | G7: да/нет
E8: Зона (СПП в ГНС) | F8: Булевый | G8: да/нет
E9: Помещение | F9: Булевый | G9: да/нет
A10: RUS_BuildingAddress | B10: Адрес | C10: RusSet_Project | D10: IfcBuilding | E10: Объект | F10: Текстовый | G10: г. Москва, Проспект Мира
A11: RUS_Diametr | B11: Диаметр | C11: RusSet_Quantities | D11: IfcColumn | E11: Колонна, пилястра | F11: Вещественный | G11: 300
A12: RUS_FNO | B12: Функциональное назначение объекта | C12: RusSet_AGR | D12: IfcBuilding | E12: Объект | F12: Текстовый | G12: Жилое здание/Нежилое здание
A13: RUS_GroundFloor | B13: Плавающая высотная отметка уровня | C13: RusSet_AGR | D13: IfcSpace | E13: Зона (Общая площадь) | F13: Булевый | G13: да/нет
E14: Зона (СПП в ГНС) | F14: Булевый | G14: да/нет
E15: Помещение | F15: Булевый | G15: да/нет
A16: RUS_Group_Number | B16: Номер группы помещений | C16: RusSet_Identification | D16: IfcSpace | E16: Помещение | F16: Текстовый | G16: 12
A17: RUS_Group_Type | B17: Группа помещений | C17: RusSet_Identification | D17: IfcSpace | E17: Помещение | F17: Текстовый | G17: Квартира
A18: RUS_Height | B18: Высота | C18: RusSet_Quantities | D18: IfcColumn | E18: Колонна, пилястра | F18: Вещественный | G18: 600
D19: IfcDoor | E19: Дверь, ворота, люк | F19: Вещественный | G19: 2100
D20: IfcWall | E20: Стена, перегородка | F20: Вещественный | G20: 3300
D21: IfcWindow | E21: Окно, балконный блок, остекление витража | F21: Вещественный | G21: 2100
A22: RUS_Length | B22: Длина | C22: RusSet_Quantities | D22: IfcWall | E22: Стена, перегородка | F22: Вещественный | G22: 2100
A23: RUS_MSSK_Element_Code | B23: Код элемента МССК | C23: RusSet_Common | D23: IfcBuildingElementProxy | E23: Вспомогательное 3D-тело | F23: Текстовый | G23: ЭЛ 30 30
D24: IfcColumn | E24: Колонна, пилястра | F24: Текстовый | G24: ЭЛ 30 16 51
D25: IfcCurtainWall | E25: Фасад | F25: Текстовый | G25: ЭЛ 30 10 10
D26: IfcDoor | E26: Дверь, ворота, люк | F26: Текстовый | G26: ЭЛ 30 18 30
D27: IfcMember | E27: Импост витражной системы (навесного фасада) | F27: Текстовый | G27: ЭЛ 30 10 10 20
D28: IfcPlate | E28: Панель витражной системы (навесного фасада) | F28: Текстовый | G28: ЭЛ 30 10 10 10
D29: IfcRamp | E29: Пандус, рампа | F29: Текстовый | G29: ЭЛ 30 24 40
D30: IfcSlab | E30: Перекрытие | F30: Текстовый | G30: ЭЛ 30 10 40
D31: IfcStair | E31: Лестница | F31: Текстовый | G31: ЭЛ 30 24 30
D32: IfcWall | E32: Стена, перегородка | F32: Текстовый | G32: ЭЛ 30 10 20
D33: IfcWindow | E33: Окно, балконный блок, остекление витража | F33: Текстовый | G33: ЭЛ 30 18 40
A34: RUS_MSSK_Element_Name | B34: Наименование элемента МССК | C34: RusSet_Common | D34: IfcBuildingElementProxy | E34: Вспомогательное 3D-тело | F34: Текстовый | G34: Подземная часть здания
D35: IfcColumn | E35: Колонна, пилястра | F35: Текстовый | G35: Пилястра
D36: IfcCurtainWall | E36: Фасад | F36: Текстовый | G36: Витраж
D37: IfcDoor | E37: Дверь, ворота, люк | F37: Текстовый | G37: Дверь
D38: IfcPlate | E38: Панель витражной системы (навесного фасада) | F38: Текстовый | G38: Панель витражной систем
D39: IfcRamp | E39: Пандус, рампа | F39: Текстовый | G39: Пандус
D40: IfcSlab | E40: Перекрытие | F40: Текстовый | G40: Перекрытие
D41: IfcStair | E41: Лестница | F41: Текстовый | G41: Лестница
D42: IfcWall | E42: Стена, перегородка | F42: Текстовый | G42: Перегородка
D43: IfcWindow | E43: Окно, балконный блок, остекление витража | F43: Текстовый | G43: Окно
A44: RUS_MSSK_Material_Code | B44: Код материала МССК | C44: RusSet_Common | D44: IfcCurtainWall | E44: Фасад | F44: Текстовый | G44: СТ 00 70
D45: IfcDoor | E45: Дверь, ворота, люк | F45: Текстовый | G45: СТ 10 17 20 10
D46: IfcMember | E46: Импост витражной системы (навесного фасада) | F46: Текстовый | G46: СТ 00 80
D47: IfcPlate | E47: Панель витражной системы (навесного фасада) | F47: Текстовый | G47: СТ 00 80
D48: IfcWindow | E48: Окно, балконный блок, остекление витража | F48: Текстовый | G48: СТ 10 17 20 10
A49: RUS_MSSK_Material_Name | B49: Наименование материала МССК | C49: RusSet_Common | D49: IfcCurtainWall | E49: Фасад | F49: Текстовый | G49: Стекло
D50: IfcDoor | E50: Дверь, ворота, люк | F50: Текстовый | G50: Алюминий
D51: IfcMember | E51: Импост витражной системы (навесного фасада) | F51: Текстовый | G51: Пластмасса
D52: IfcPlate | E52: Панель витражной системы (навесного фасада) | F52: Текстовый | G52: Пластмасса
D53: IfcWindow | E53: Окно, балконный блок, остекление витража | F53: Текстовый | G53: Алюминий
A54: RUS_MSSK_SpaceAndZone_Code | B54: Код помещения и зоны МССК | C54: RusSet_Common | D54: IfcSpace | E54: Зона (Общая площадь) | F54: Текстовый | G54: ПЗ 03
E55: Зона (СПП в ГНС) | F55: Текстовый | G55: -
E56: Помещение | F56: Текстовый | G56: ПЗ 30 20 07
A57: RUS_MSSK_SpaceAndZone_Name | B57: Наименование помещения и зоны МССК | C57: RusSet_Common | D57: IfcSpace | E57: Зона (Общая площадь) | F57: Текстовый | G57: Общая площадь
E58: Зона (СПП в ГНС) | F58: Текстовый | G58: -
E59: Помещение | F59: Текстовый | G59: Кухня
A60: RUS_Name | B60: Наименование | C60: RusSet_Common | D60: IfcBuildingElementProxy | E60: Вспомогательное 3D-тело | F60: Текстовый | G60: Объем подземной части здания
D61: IfcColumn | E61: Колонна, пилястра | F61: Текстовый | G61: Пилястра
D62: IfcCurtainWall | E62: Фасад | F62: Текстовый | G62: Керамогранит тип 3
D63: IfcDoor | E63: Дверь, ворота, люк | F63: Текстовый | G63: Ворота
D64: IfcMember | E64: Импост витражной системы (навесного фасада) | F64: Текстовый | G64: Импост витражной системы
D65: IfcPlate | E65: Панель витражной системы (навесного фасада) | F65: Текстовый | G65: Панель витражной системы
D66: IfcRamp | E66: Пандус, рампа | F66: Текстовый | G66: Пандус монолитная
D67: IfcSlab | E67: Перекрытие | F67: Текстовый | G67: Перекрытие монолитное
D68: IfcSpace | E68: Зона (Общая площадь) | F68: Текстовый | G68: Общая площадь
E69: Зона (СПП в ГНС) | F69: Текстовый | G69: СПП в ГНС
E70: Помещение | F70: Текстовый | G70: Кухня
D71: IfcStair | E71: Лестница | F71: Текстовый | G71: Лестница монолитная
D72: IfcWall | E72: Стена, перегородка | F72: Текстовый | G72: Перегородка
D73: IfcWindow | E73: Окно, балконный блок, остекление витража | F73: Текстовый | G73: Окно
A74: RUS_Number | B74: Номер помещения | C74: RusSet_Identification | D74: IfcSpace | E74: Помещение | F74: Текстовый | G74: 1
A75: RUS_Object | B75: Номер объекта (корпуса) | C75: RusSet_Location | D75: IfcBuildingElementProxy | E75: Вспомогательное 3D-тело | F75: Текстовый | G75: К01
D76: IfcColumn | E76: Колонна, пилястра | F76: Текстовый | G76: К01
D77: IfcCurtainWall | E77: Фасад | F77: Текстовый | G77: К01
D78: IfcDoor | E78: Дверь, ворота, люк | F78: Текстовый | G78: К01
D79: IfcMember | E79: Импост витражной системы (навесного фасада) | F79: Текстовый | G79: К01
D80: IfcPlate | E80: Панель витражной системы (навесного фасада) | F80: Текстовый | G80: К01
D81: IfcRamp | E81: Пандус, рампа | F81: Текстовый | G81: К01
D82: IfcSlab | E82: Перекрытие | F82: Текстовый | G82: К01
D83: IfcSpace | E83: Зона (Общая площадь) | F83: Текстовый | G83: К01
E84: Зона (СПП в ГНС) | F84: Текстовый | G84: К01
E85: Помещение | F85: Текстовый | G85: К01
D86: IfcStair | E86: Лестница | F86: Текстовый | G86: К01
D87: IfcWall | E87: Стена, перегородка | F87: Текстовый | G87: К01
D88: IfcWindow | E88: Окно, балконный блок, остекление витража | F88: Текстовый | G88: К01
A89: RUS_Object_Sub | B89: Номер подобъекта (секции) | C89: RusSet_Location | D89: IfcBuildingElementProxy | E89: Вспомогательное 3D-тело | F89: Текстовый | G89: С01
D90: IfcColumn | E90: Колонна, пилястра | F90: Текстовый | G90: С01
D91: IfcCurtainWall | E91: Фасад | F91: Текстовый | G91: С01
D92: IfcDoor | E92: Дверь, ворота, люк | F92: Текстовый | G92: С01
D93: IfcMember | E93: Импост витражной системы (навесного фасада) | F93: Текстовый | G93: С01
D94: IfcPlate | E94: Панель витражной системы (навесного фасада) | F94: Текстовый | G94: С01
D95: IfcRamp | E95: Пандус, рампа | F95: Текстовый | G95: С01
D96: IfcSlab | E96: Перекрытие | F96: Текстовый | G96: С01
D97: IfcSpace | E97: Зона (Общая площадь) | F97: Текстовый | G97: С01
E98: Зона (СПП в ГНС) | F98: Текстовый | G98: С01
E99: Помещение | F99: Текстовый | G99: С01
D100: IfcStair | E100: Лестница | F100: Текстовый | G100: С01
D101: IfcWall | E101: Стена, перегородка | F101: Текстовый | G101: С01
...

Sheet СТ_Наб.Атр.
A1: Изм. | B1: +
A3: Набор атрибутов | B3: Имя параметра IFC | C3: Наименование параметра | D3: Класс IFC: | E3: Элемент: | F3: Тип данных | G3: Пример | H3: Ед.изм.
A4: RusSet_AGR | B4: RUS_BasementFloor | C4: Подземный этаж | D4: IfcSpace | E4: Зона (Общая площадь) | F4: Булевый | G4: да/нет | H4: -
E5: Зона (СПП в ГНС) | F5: Булевый | G5: да/нет | H5: -
E6: Помещение | F6: Булевый | G6: да/нет | H6: -
B7: RUS_FNO | C7: Функциональное назначение объекта | D7: IfcBuilding | E7: Объект | F7: Текстовый | G7: Жилое здание/Нежилое здание | H7: -
B8: RUS_GroundFloor | C8: Плавающая высотная отметка уровня | D8: IfcSpace | E8: Зона (Общая площадь) | F8: Булевый | G8: да/нет | H8: -
E9: Зона (СПП в ГНС) | F9: Булевый | G9: да/нет | H9: -
E10: Помещение | F10: Булевый | G10: да/нет | H10: -
B11: RUS_ResidentalRoom | C11: Жилая зона | D11: IfcSpace | E11: Зона (Общая площадь) | F11: Булевый | G11: да/нет | H11: -
E12: Зона (СПП в ГНС) | F12: Булевый | G12: да/нет | H12: -
B13: RUS_StudioApart | C13: Студия (тип квартиры) | D13: IfcSpace | E13: Помещение | F13: Булевый | G13: да/нет | H13: -
A14: RusSet_Common | B14: RUS_MSSK_Element_Code | C14: Код элемента МССК | D14: IfcBuildingElementProxy | E14: Вспомогательное 3D-тело | F14: Текстовый | G14: ЭЛ 30 30 | H14: -
D15: IfcColumn | E15: Колонна, пилястра | F15: Текстовый | G15: ЭЛ 30 16 51 | H15: -
D16: IfcCurtainWall | E16: Фасад | F16: Текстовый | G16: ЭЛ 30 10 10 | H16: -
D17: IfcDoor | E17: Дверь, ворота, люк | F17: Текстовый | G17: ЭЛ 30 18 30 | H17: -
D18: IfcMember | E18: Импост витражной системы (навесного фасада) | F18: Текстовый | G18: ЭЛ 30 10 10 20 | H18: -
D19: IfcPlate | E19: Панель витражной системы (навесного фасада) | F19: Текстовый | G19: ЭЛ 30 10 10 10 | H19: -
D20: IfcRamp | E20: Пандус, рампа | F20: Текстовый | G20: ЭЛ 30 24 40 | H20: -
D21: IfcSlab | E21: Перекрытие | F21: Текстовый | G21: ЭЛ 30 10 40 | H21: -
D22: IfcStair | E22: Лестница | F22: Текстовый | G22: ЭЛ 30 24 30 | H22: -
D23: IfcWall | E23: Стена, перегородка | F23: Текстовый | G23: ЭЛ 30 10 20 | H23: -
D24: IfcWindow | E24: Окно, балконный блок, остекление витража | F24: Текстовый | G24: ЭЛ 30 18 40 | H24: -
B25: RUS_MSSK_Element_Name | C25: Наименование элемента МССК | D25: IfcBuildingElementProxy | E25: Вспомогательное 3D-тело | F25: Текстовый | G25: Подземная часть здания | H25: -
D26: IfcColumn | E26: Колонна, пилястра | F26: Текстовый | G26: Пилястра | H26: -
D27: IfcCurtainWall | E27: Фасад | F27: Текстовый | G27: Витраж | H27: -
D28: IfcDoor | E28: Дверь, ворота, люк | F28: Текстовый | G28: Дверь | H28: -
D29: IfcPlate | E29: Панель витражной системы (навесного фасада) | F29: Текстовый | G29: Панель витражной систем | H29: -
D30: IfcRamp | E30: Пандус, рампа | F30: Текстовый | G30: Пандус | H30: -
D31: IfcSlab | E31: Перекрытие | F31: Текстовый | G31: Перекрытие | H31: -
D32: IfcStair | E32: Лестница | F32: Текстовый | G32: Лестница | H32: -
D33: IfcWall | E33: Стена, перегородка | F33: Текстовый | G33: Перегородка | H33: -
D34: IfcWindow | E34: Окно, балконный блок, остекление витража | F34: Текстовый | G34: Окно | H34: -
B35: RUS_MSSK_Material_Code | C35: Код материала МССК | D35: IfcCurtainWall | E35: Фасад | F35: Текстовый | G35: СТ 00 70 | H35: -
D36: IfcDoor | E36: Дверь, ворота, люк | F36: Текстовый | G36: СТ 10 17 20 10 | H36: -
D37: IfcMember | E37: Импост витражной системы (навесного фасада) | F37: Текстовый | G37: СТ 00 80 | H37: -
D38: IfcPlate | E38: Панель витражной системы (навесного фасада) | F38: Текстовый | G38: СТ 00 80 | H38: -
D39: IfcWindow | E39: Окно, балконный блок, остекление витража | F39: Текстовый | G39: СТ 10 17 20 10 | H39: -
B40: RUS_MSSK_Material_Name | C40: Наименование материала МССК | D40: IfcCurtainWall | E40: Фасад | F40: Текстовый | G40: Стекло | H40: -
D41: IfcDoor | E41: Дверь, ворота, люк | F41: Текстовый | G41: Алюминий | H41: -
D42: IfcMember | E42: Импост витражной системы (навесного фасада) | F42: Текстовый | G42: Пластмасса | H42: -
D43: IfcPlate | E43: Панель витражной системы (навесного фасада) | F43: Текстовый | G43: Пластмасса | H43: -
D44: IfcWindow | E44: Окно, балконный блок, остекление витража | F44: Текстовый | G44: Алюминий | H44: -
B45: RUS_MSSK_SpaceAndZone_Code | C45: Код помещения и зоны МССК | D45: IfcSpace | E45: Зона (Общая площадь) | F45: Текстовый | G45: ПЗ 03 | H45: -
E46: Зона (СПП в ГНС) | F46: Текстовый | G46: - | H46: -
E47: Помещение | F47: Текстовый | G47: ПЗ 30 20 07 | H47: -
B48: RUS_MSSK_SpaceAndZone_Name | C48: Наименование помещения и зоны МССК | D48: IfcSpace | E48: Зона (Общая площадь) | F48: Текстовый | G48: Общая площадь | H48: -
E49: Зона (СПП в ГНС) | F49: Текстовый | G49: - | H49: -
E50: Помещение | F50: Текстовый | G50: Кухня | H50: -
B51: RUS_Name | C51: Наименование | D51: IfcBuildingElementProxy | E51: Вспомогательное 3D-тело | F51: Текстовый | G51: Объем подземной части здания | H51: -
D52: IfcColumn | E52: Колонна, пилястра | F52: Текстовый | G52: Пилястра | H52: -
D53: IfcCurtainWall | E53: Фасад | F53: Текстовый | G53: Керамогранит тип 3 | H53: -
D54: IfcDoor | E54: Дверь, ворота, люк | F54: Текстовый | G54: Ворота | H54: -
D55: IfcMember | E55: Импост витражной системы (навесного фасада) | F55: Текстовый | G55: Импост витражной системы | H55: -
D56: IfcPlate | E56: Панель витражной системы (навесного фасада) | F56: Текстовый | G56: Панель витражной системы | H56: -
D57: IfcRamp | E57: Пандус, рампа | F57: Текстовый | G57: Пандус монолитная | H57: -
D58: IfcSlab | E58: Перекрытие | F58: Текстовый | G58: Перекрытие монолитное | H58: -
D59: IfcSpace | E59: Зона (Общая площадь) | F59: Текстовый | G59: Общая площадь | H59: -
E60: Зона (СПП в ГНС) | F60: Текстовый | G60: СПП в ГНС | H60: -
E61: Помещение | F61: Текстовый | G61: Кухня | H61: -
D62: IfcStair | E62: Лестница | F62: Текстовый | G62: Лестница монолитная | H62: -
D63: IfcWall | E63: Стена, перегородка | F63: Текстовый | G63: Перегородка | H63: -
D64: IfcWindow | E64: Окно, балконный блок, остекление витража | F64: Текстовый | G64: Окно | H64: -
A65: RusSet_Identification | B65: RUS_Group_Number | C65: Номер группы помещений | D65: IfcSpace | E65: Помещение | F65: Текстовый | G65: 12 | H65: -
B66: RUS_Group_Type | C66: Группа помещений | D66: IfcSpace | E66: Помещение | F66: Текстовый | G66: Квартира | H66: -
B67: RUS_Number | C67: Номер помещения | D67: IfcSpace | E67: Помещение | F67: Текстовый | G67: 1 | H67: -
B68: RUS_Zone | C68: Категория функциональной зоны | D68: IfcSpace | E68: Зона (Общая площадь) | F68: Текстовый | G68: Общая площадь | H68: -
E69: Зона (СПП в ГНС) | F69: Текстовый | G69: СПП в ГНС | H69: -
E70: Помещение | F70: Текстовый | G70: Жилая зона | H70: -
A71: RusSet_Location | B71: RUS_Object | C71: Номер объекта (корпуса) | D71: IfcBuildingElementProxy | E71: Вспомогательное 3D-тело | F71: Текстовый | G71: К01 | H71: -
D72: IfcColumn | E72: Колонна, пилястра | F72: Текстовый | G72: К01 | H72: -
D73: IfcCurtainWall | E73: Фасад | F73: Текстовый | G73: К01 | H73: -
D74: IfcDoor | E74: Дверь, ворота, люк | F74: Текстовый | G74: К01 | H74: -
D75: IfcMember | E75: Импост витражной системы (навесного фасада) | F75: Текстовый | G75: К01 | H75: -
D76: IfcPlate | E76: Панель витражной системы (навесного фасада) | F76: Текстовый | G76: К01 | H76: -
D77: IfcRamp | E77: Пандус, рампа | F77: Текстовый | G77: К01 | H77: -
D78: IfcSlab | E78: Перекрытие | F78: Текстовый | G78: К01 | H78: -
D79: IfcSpace | E79: Зона (Общая площадь) | F79: Текстовый | G79: К01 | H79: -
E80: Зона (СПП в ГНС) | F80: Текстовый | G80: К01 | H80: -
E81: Помещение | F81: Текстовый | G81: К01 | H81: -
D82: IfcStair | E82: Лестница | F82: Текстовый | G82: К01 | H82: -
D83: IfcWall | E83: Стена, перегородка | F83: Текстовый | G83: К01 | H83: -
D84: IfcWindow | E84: Окно, балконный блок, остекление витража | F84: Текстовый | G84: К01 | H84: -
B85: RUS_Object_Sub | C85: Номер подобъекта (секции) | D85: IfcBuildingElementProxy | E85: Вспомогательное 3D-тело | F85: Текстовый | G85: С01 | H85: -
D86: IfcColumn | E86: Колонна, пилястра | F86: Текстовый | G86: С01 | H86: -
D87: IfcCurtainWall | E87: Фасад | F87: Текстовый | G87: С01 | H87: -
D88: IfcDoor | E88: Дверь, ворота, люк | F88: Текстовый | G88: С01 | H88: -
D89: IfcMember | E89: Импост витражной системы (навесного фасада) | F89: Текстовый | G89: С01 | H89: -
D90: IfcPlate | E90: Панель витражной системы (навесного фасада) | F90: Текстовый | G90: С01 | H90: -
D91: IfcRamp | E91: Пандус, рампа | F91: Текстовый | G91: С01 | H91: -
D92: IfcSlab | E92: Перекрытие | F92: Текстовый | G92: С01 | H92: -
D93: IfcSpace | E93: Зона (Общая площадь) | F93: Текстовый | G93: С01 | H93: -
E94: Зона (СПП в ГНС) | F94: Текстовый | G94: С01 | H94: -
E95: Помещение | F95: Текстовый | G95: С01 | H95: -
D96: IfcStair | E96: Лестница | F96: Текстовый | G96: С01 | H96: -
D97: IfcWall | E97: Стена, перегородка | F97: Текстовый | G97: С01 | H97: -
D98: IfcWindow | E98: Окно, балконный блок, остекление витража | F98: Текстовый | G98: С01 | H98: -
A99: RusSet_Project | B99: RUS_BuildingAddress | C99: Адрес | D99: IfcBuilding | E99: Объект | F99: Текстовый | G99: г. Москва, Проспект Мира | H99: -
B100: RUS_ProjectName | C100: Наименование проекта | D100: IfcBuilding | E100: Объект | F100: Текстовый | G100: Жилой дом | H100: -
A101: RusSet_Quantities | B101: RUS_Area | C101: Площадь | D101: IfcSpace | E101: Зона (Общая площадь) | F101: Вещественный | G101: 40 | H101: кв.м.
...

Sheet СТ_Наб.Атр (кратко)
A1: Изм. | B1: +
A3: Набор атрибутов | B3: Имя параметра IFC | C3: Наименование параметра | D3: Тип данных | E3: Ед.изм.
A4: RusSet_AGR | B4: RUS_BasementFloor | C4: Подземный этаж | D4: Булевый | E4: -
B5: RUS_FNO | C5: Функциональное назначение объекта | D5: Текстовый | E5: -
B6: RUS_GroundFloor | C6: Плавающая высотная отметка уровня | D6: Булевый | E6: -
B7: RUS_ResidentalRoom | C7: Жилая зона | D7: Булевый | E7: -
B8: RUS_StudioApart | C8: Студия (тип квартиры) | D8: Булевый | E8: -
A9: RusSet_Common | B9: RUS_MSSK_Element_Code | C9: Код элемента МССК | D9: Текстовый | E9: -
B10: RUS_MSSK_Element_Name | C10: Наименование элемента МССК | D10: Текстовый | E10: -
B11: RUS_MSSK_Material_Code | C11: Код материала МССК | D11: Текстовый | E11: -
B12: RUS_MSSK_Material_Name | C12: Наименование материала МССК | D12: Текстовый | E12: -
B13: RUS_MSSK_SpaceAndZone_Code | C13: Код помещения и зоны МССК | D13: Текстовый | E13: -
B14: RUS_MSSK_SpaceAndZone_Name | C14: Наименование помещения и зоны МССК | D14: Текстовый | E14: -
B15: RUS_Name | C15: Наименование | D15: Текстовый | E15: -
A16: RusSet_Identification | B16: RUS_Group_Number | C16: Номер группы помещений | D16: Текстовый | E16: -
B17: RUS_Group_Type | C17: Группа помещений | D17: Текстовый | E17: -
B18: RUS_Number | C18: Номер помещения | D18: Текстовый | E18: -
B19: RUS_Zone | C19: Категория функциональной зоны | D19: Текстовый | E19: -
A20: RusSet_Location | B20: RUS_Object | C20: Номер объекта (корпуса) | D20: Текстовый | E20: -
B21: RUS_Object_Sub | C21: Номер подобъекта (секции) | D21: Текстовый | E21: -
A22: RusSet_Project | B22: RUS_BuildingAddress | C22: Адрес | D22: Текстовый | E22: -
B23: RUS_ProjectName | C23: Наименование проекта | D23: Текстовый | E23: -
A24: RusSet_Quantities | B24: RUS_Area | C24: Площадь | D24: Вещественный | E24: кв.м.
B25: RUS_Diametr | C25: Диаметр | D25: Вещественный | E25: мм
B26: RUS_Height | C26: Высота | D26: Вещественный | E26: мм
B27: RUS_Length | C27: Длина | D27: Вещественный | E27: мм
B28: RUS_Slope | C28: Уклон | D28: Вещественный | E28: ˚
B29: RUS_Thickness | C29: Толщина | D29: Вещественный | E29: мм
B30: RUS_Volume | C30: Объем | D30: Вещественный | E30: куб.м.
B31: RUS_Width | C31: Ширина | D31: Вещественный | E31: мм

Sheet СТ_МССК
A1: Изм. | B1: +
A3: Класс IFC: | B3: Код МССК:
A4: IfcBuildingElementProxy | B4: ЭЛ 30 30 10, ЭЛ 30 30 20
A5: IfcColumn | B5: ЭЛ 30 16 15, ЭЛ 30 16 25, ЭЛ 30 16 40, ЭЛ 30 16 42, ЭЛ 30 16 50, ЭЛ 30 16 51
A6: IfcCurtainWall | B6: ЭЛ 30 10 10, ЭЛ 30 10 35, ЭЛ 30 10 60, ЭЛ 30 10 61
A7: IfcDoor | B7: ЭЛ 30 18 20, ЭЛ 30 18 20 01, ЭЛ 30 18 20 02, ЭЛ 30 18 30, ЭЛ 30 18 30 10, ЭЛ 30 18 30 20, ЭЛ 30 18 30 30, ЭЛ 30 18 30 31, ЭЛ 30 18 50, ЭЛ 30 18 50 10, ЭЛ 30 18 50 20, ЭЛ 35 01 01, ЭЛ 35 01 02, ЭЛ 40 50 27 06
A8: IfcMember | B8: ЭЛ 30 10 10 20, ЭЛ 30 10 61 02
A9: IfcRamp | B9: ЭЛ 30 24 40, ЭЛ 30 24 60
A10: IfcSlab | B10: ЭЛ 30 10 40, ЭЛ 30 10 56, ЭЛ 30 10 57, ЭЛ 30 10 58, ЭЛ 30 10 80, ЭЛ 30 16 25, ЭЛ 30 24 20, ЭЛ 30 24 50, ЭЛ 30 24 51, ЭЛ 60 20 13
A11: IfcSpace | B11: ПЗ 03
B12: ПЗ 30, ПЗ 30 10, ПЗ 30 20, ПЗ 30 30, ПЗ 31 01, ПЗ 31 02, ПЗ 31 03, ПЗ 31 04, ПЗ 31 05, ПЗ 31 06, ПЗ 31 07, ПЗ 31 08, ПЗ 31 09, ПЗ 31 10, ПЗ 31 12, ПЗ 31 13, ПЗ 31 14, ПЗ 31 15, ПЗ 31 16, ПЗ 31 17, ПЗ 32 10, ПЗ 32 12, ПЗ 32 13, ПЗ 32 14, ПЗ 32 15, ПЗ 32 1
A13: IfcStair | B13: ЭЛ 30 24 30, ЭЛ 30 24 35
A14: IfcWall | B14: ЭЛ 20 20 06, ЭЛ 30 10 15, ЭЛ 30 10 20, ЭЛ 30 10 36, ЭЛ 30 10 75, ЭЛ 30 10 76, ЭЛ 30 10 77, ЭЛ 30 10 78, ЭЛ 30 10 79, ЭЛ 30 16 77, ЭЛ 30 16 78
A15: IfcWindow | B15: ЭЛ 20 30 24, ЭЛ 30 18 09, ЭЛ 30 18 40, ЭЛ 30 18 52, ЭЛ 30 18 52 10

Sheet МССК_СВОД
A1: Упомянутые в Приказе коды
A2: Класс IFC: | B2: Код МССК: | C2: Класс элемента/Группа помещений | D2: Подкласс элемента/Помещение | E2: Наименование МССК | F2: Совмещённое название
A3: IfcBuildingElementProxy | B3: ЭЛ 30 30 10 | C3: =VLOOKUP(B3,'МССК-7 (Эл.)'!$A$2:$F$944,4) -> Объем подземной части | D3: =VLOOKUP(B3,'МССК-7 (Эл.)'!$A$2:$F$944,5) -> 0 | E3: =IF(D3=0,C3,D3) -> Объем подземной части | F3: =E3&" - "&B3&"" -> Объем подземной части - ЭЛ 30 30 10
A4: IfcBuildingElementProxy | B4: ЭЛ 30 30 20 | C4: =VLOOKUP(B4,'МССК-7 (Эл.)'!$A$2:$F$944,4) -> Объем надземной части | D4: =VLOOKUP(B4,'МССК-7 (Эл.)'!$A$2:$F$944,5) -> 0 | E4: =IF(D4=0,C4,D4) -> Объем надземной части | F4: =E4&" - "&B4&"" -> Объем надземной части - ЭЛ 30 30 20
A5: IfcColumn | B5: ЭЛ 30 16 15 | C5: =VLOOKUP(B5,'МССК-7 (Эл.)'!$A$2:$F$944,4) -> База колонны | D5: =VLOOKUP(B5,'МССК-7 (Эл.)'!$A$2:$F$944,5) -> 0 | E5: =IF(D5=0,C5,D5) -> База колонны | F5: =E5&" - "&B5&"" -> База колонны - ЭЛ 30 16 15
A6: IfcColumn | B6: ЭЛ 30 16 25 | C6: =VLOOKUP(B6,'МССК-7 (Эл.)'!$A$2:$F$944,4) -> Капитель | D6: =VLOOKUP(B6,'МССК-7 (Эл.)'!$A$2:$F$944,5) -> 0 | E6: =IF(D6=0,C6,D6) -> Капитель | F6: =E6&" - "&B6&"" -> Капитель - ЭЛ 30 16 25
A7: IfcColumn | B7: ЭЛ 30 16 40 | C7: =VLOOKUP(B7,'МССК-7 (Эл.)'!$A$2:$F$944,4) -> Колонна | D7: =VLOOKUP(B7,'МССК-7 (Эл.)'!$A$2:$F$944,5) -> 0 | E7: =IF(D7=0,C7,D7) -> Колонна | F7: =E7&" - "&B7&"" -> Колонна - ЭЛ 30 16 40
A8: IfcColumn | B8: ЭЛ 30 16 42 | C8: =VLOOKUP(B8,'МССК-7 (Эл.)'!$A$2:$F$944,4) -> Фахверк | D8: =VLOOKUP(B8,'МССК-7 (Эл.)'!$A$2:$F$944,5) -> 0 | E8: =IF(D8=0,C8,D8) -> Фахверк | F8: =E8&" - "&B8&"" -> Фахверк - ЭЛ 30 16 42
A9: IfcColumn | B9: ЭЛ 30 16 50 | C9: =VLOOKUP(B9,'МССК-7 (Эл.)'!$A$2:$F$944,4) -> Пилон | D9: =VLOOKUP(B9,'МССК-7 (Эл.)'!$A$2:$F$944,5) -> 0 | E9: =IF(D9=0,C9,D9) -> Пилон | F9: =E9&" - "&B9&"" -> Пилон - ЭЛ 30 16 50
A10: IfcColumn | B10: ЭЛ 30 16 51 | C10: =VLOOKUP(B10,'МССК-7 (Эл.)'!$A$2:$F$944,4) -> Пилястра | D10: =VLOOKUP(B10,'МССК-7 (Эл.)'!$A$2:$F$944,5) -> 0 | E10: =IF(D10=0,C10,D10) -> Пилястра | F10: =E10&" - "&B10&"" -> Пилястра - ЭЛ 30 16 51
A11: IfcCurtainWall | B11: ЭЛ 30 10 10 | C11: =VLOOKUP(B11,'МССК-7 (Эл.)'!$A$2:$F$944,4) -> Витраж | D11: =VLOOKUP(B11,'МССК-7 (Эл.)'!$A$2:$F$944,5) -> 0 | E11: =IF(D11=0,C11,D11) -> Витраж | F11: =E11&" - "&B11&"" -> Витраж - ЭЛ 30 10 10
A12: IfcCurtainWall | B12: ЭЛ 30 10 35 | C12: =VLOOKUP(B12,'МССК-7 (Эл.)'!$A$2:$F$944,4) -> Панель навесная | D12: =VLOOKUP(B12,'МССК-7 (Эл.)'!$A$2:$F$944,5) -> 0 | E12: =IF(D12=0,C12,D12) -> Панель навесная | F12: =E12&" - "&B12&"" -> Панель навесная - ЭЛ 30 10 35
A13: IfcCurtainWall | B13: ЭЛ 30 10 60 | C13: =VLOOKUP(B13,'МССК-7 (Эл.)'!$A$2:$F$944,4) -> Фасад | D13: =VLOOKUP(B13,'МССК-7 (Эл.)'!$A$2:$F$944,5) -> 0 | E13: =IF(D13=0,C13,D13) -> Фасад | F13: =E13&" - "&B13&"" -> Фасад - ЭЛ 30 10 60
A14: IfcCurtainWall | B14: ЭЛ 30 10 61 | C14: =VLOOKUP(B14,'МССК-7 (Эл.)'!$A$2:$F$944,4) -> Навесная фасадная система | D14: =VLOOKUP(B14,'МССК-7 (Эл.)'!$A$2:$F$944,5) -> 0 | E14: =IF(D14=0,C14,D14) -> Навесная фасадная система | F14: =E14&" - "&B14&"" -> Навесная фасадная система - ЭЛ 30 10 61
... A38: IfcSlab | B38: ЭЛ 30 10 80 | C38: =VLOOKUP(B38,'МССК-7 (Эл.)'!$A$2:$F$944,4) -> Плита перекрытия | D38: =VLOOKUP(B38,'МССК-7 (Эл.)'!$A$2:$F$944,5) -> 0 | E38: =IF(D38=0,C38,D38) -> Плита перекрытия | F38: =E38&" - "&B38&"" -> Плита перекрытия - ЭЛ 30 10 80
A39: IfcSlab | B39: ЭЛ 30 16 25 | C39: =VLOOKUP(B39,'МССК-7 (Эл.)'!$A$2:$F$944,4) -> Капитель | D39: =VLOOKUP(B39,'МССК-7 (Эл.)'!$A$2:$F$944,5) -> 0 | E39: =IF(D39=0,C39,D39) -> Капитель | F39: o
A40: IfcSlab | B40: ЭЛ 30 24 20 | C40: =VLOOKUP(B40,'МССК-7 (Эл.)'!$A$2:$F$944,4) -> Лестничная площадка | D40: =VLOOKUP(B40,'МССК-7 (Эл.)'!$A$2:$F$944,5) -> 0 | E40: =IF(D40=0,C40,D40) -> Лестничная площадка | F40: =E40&" - "&B40&"" -> Лестничная площадка - ЭЛ 30 24 20
A41: IfcSlab | B41: ЭЛ 30 24 50 | C41: =VLOOKUP(B41,'МССК-7 (Эл.)'!$A$2:$F$944,4) -> Горизонтальная площадка пандуса | D41: =VLOOKUP(B41,'МССК-7 (Эл.)'!$A$2:$F$944,5) -> 0 | E41: =IF(D41=0,C41,D41) -> Горизонтальная площадка пандуса | F41: =E41&" - "&B41&"" -> Горизонтальная площадка пандуса - ЭЛ 30 24 50
A42: IfcSlab | B42: ЭЛ 30 24 51 | C42: =VLOOKUP(B42,'МССК-7 (Эл.)'!$A$2:$F$944,4) -> Горизонтальная площадка рампы | D42: =VLOOKUP(B42,'МССК-7 (Эл.)'!$A$2:$F$944,5) -> 0 | E42: =IF(D42=0,C42,D42) -> Горизонтальная площадка рампы | F42: =E42&" - "&B42&"" -> Горизонтальная площадка рампы - ЭЛ 30 24 51
A43: IfcSlab | B43: ЭЛ 60 20 13 | C43: =VLOOKUP(B43,'МССК-7 (Эл.)'!$A$2:$F$944,4) -> Путевая плита | D43: =VLOOKUP(B43,'МССК-7 (Эл.)'!$A$2:$F$944,5) -> 0 | E43: =IF(D43=0,C43,D43) -> Путевая плита | F43: =E43&" - "&B43&"" -> Путевая плита - ЭЛ 60 20 13
A44: IfcStair | B44: ЭЛ 30 24 30 | C44: =VLOOKUP(B44,'МССК-7 (Эл.)'!$A$2:$F$944,4) -> Лестница | D44: =VLOOKUP(B44,'МССК-7 (Эл.)'!$A$2:$F$944,5) -> 0 | E44: =IF(D44=0,C44,D44) -> Лестница | F44: =E44&" - "&B44&"" -> Лестница - ЭЛ 30 24 30
A45: IfcStair | B45: ЭЛ 30 24 35 | C45: =VLOOKUP(B45,'МССК-7 (Эл.)'!$A$2:$F$944,4) -> Лестница-трап | D45: =VLOOKUP(B45,'МССК-7 (Эл.)'!$A$2:$F$944,5) -> 0 | E45: =IF(D45=0,C45,D45) -> Лестница-трап | F45: =E45&" - "&B45&"" -> Лестница-трап - ЭЛ 30 24 35
A46: IfcWall | B46: ЭЛ 20 20 06 | C46: =VLOOKUP(B46,'МССК-7 (Эл.)'!$A$2:$F$944,4) -> Парапет кровли | D46: =VLOOKUP(B46,'МССК-7 (Эл.)'!$A$2:$F$944,5) -> 0 | E46: =IF(D46=0,C46,D46) -> Парапет кровли | F46: =E46&" - "&B46&"" -> Парапет кровли - ЭЛ 20 20 06
A47: IfcWall | B47: ЭЛ 30 10 15 | C47: =VLOOKUP(B47,'МССК-7 (Эл.)'!$A$2:$F$944,4) -> Стена | D47: =VLOOKUP(B47,'МССК-7 (Эл.)'!$A$2:$F$944,5) -> 0 | E47: =IF(D47=0,C47,D47) -> Стена | F47: =E47&" - "&B47&"" -> Стена - ЭЛ 30 10 15
A48: IfcWall | B48: ЭЛ 30 10 20 | C48: =VLOOKUP(B48,'МССК-7 (Эл.)'!$A$2:$F$944,4) -> Перегородка | D48: =VLOOKUP(B48,'МССК-7 (Эл.)'!$A$2:$F$944,5) -> 0 | E48: =IF(D48=0,C48,D48) -> Перегородка | F48: =E48&" - "&B48&"" -> Перегородка - ЭЛ 30 10 20
A49: IfcWall | B49: ЭЛ 30 10 36 | C49: =VLOOKUP(B49,'МССК-7 (Эл.)'!$A$2:$F$944,4) -> Парапет | D49: =VLOOKUP(B49,'МССК-7 (Эл.)'!$A$2:$F$944,5) -> 0 | E49: =IF(D49=0,C49,D49) -> Парапет | F49: =E49&" - "&B49&"" -> Парапет - ЭЛ 30 10 36
A50: IfcWall | B50: ЭЛ 30 10 75 | C50: =VLOOKUP(B50,'МССК-7 (Эл.)'!$A$2:$F$944,4) -> Панель стеновая наружная рядовая | D50: =VLOOKUP(B50,'МССК-7 (Эл.)'!$A$2:$F$944,5) -> 0 | E50: =IF(D50=0,C50,D50) -> Панель стеновая наружная рядовая | F50: =E50&" - "&B50&"" -> Панель стеновая наружная рядовая - ЭЛ 30 10 75
A51: IfcWall | B51: ЭЛ 30 10 76 | C51: =VLOOKUP(B51,'МССК-7 (Эл.)'!$A$2:$F$944,4) -> Панель стеновая наружная простеночная | D51: =VLOOKUP(B51,'МССК-7 (Эл.)'!$A$2:$F$944,5) -> 0 | E51: =IF(D51=0,C51,D51) -> Панель стеновая наружная простеночная | F51: =E51&" - "&B51&"" -> Панель стеновая наружная простеночная - ЭЛ 30 10 76
... A61: IfcWindow | B61: ЭЛ 30 18 52 10 | C61: =VLOOKUP(B61,'МССК-7 (Эл.)'!$A$2:$F$944,4) -> Фонарь зенитный | D61: =VLOOKUP(B61,'МССК-7 (Эл.)'!$A$2:$F$944,5) -> Панель оконная фонарная | E61: =IF(D61=0,C61,D61) -> Панель оконная фонарная | F61: =E61&" - "&B61&"" -> Панель оконная фонарная - ЭЛ 30 18 52 10
A67: Материалы | B67: СТ 00 20 | C67: =VLOOKUP($B67,'МССК-8 (Мат.)'!$A$2:$F$944,3) -> Дерево | D67: =VLOOKUP($B67,'МССК-8 (Мат.)'!$A$2:$F$944,4) | E67: =IF(OR(D67=" ",D67="",D67=0),C67,D67) -> Дерево | F67: =E67&" - "&B67&"" -> Дерево - СТ 00 20
A68: Материалы | B68: СТ 00 30 | C68: =VLOOKUP($B68,'МССК-8 (Мат.)'!$A$2:$F$944,3) -> Камень | D68: =VLOOKUP($B68,'МССК-8 (Мат.)'!$A$2:$F$944,4) | E68: =IF(OR(D68=" ",D68="",D68=0),C68,D68) -> Камень | F68: =E68&" - "&B68&"" -> Камень - СТ 00 30
A69: Материалы | B69: СТ 00 40 | C69: =VLOOKUP($B69,'МССК-8 (Мат.)'!$A$2:$F$944,3) -> Кирпич | D69: =VLOOKUP($B69,'МССК-8 (Мат.)'!$A$2:$F$944,4) | E69: =IF(OR(D69=" ",D69="",D69=0),C69,D69) -> Кирпич | F69: =E69&" - "&B69&"" -> Кирпич - СТ 00 40
A70: Материалы | B70: СТ 00 50 | C70: =VLOOKUP($B70,'МССК-8 (Мат.)'!$A$2:$F$944,3) -> Композит | D70: =VLOOKUP($B70,'МССК-8 (Мат.)'!$A$2:$F$944,4) | E70: =IF(OR(D70=" ",D70="",D70=0),C70,D70) -> Композит | F70: =E70&" - "&B70&"" -> Композит - СТ 00 50
A71: Материалы | B71: СТ 00 60 | C71: =VLOOKUP($B71,'МССК-8 (Мат.)'!$A$2:$F$944,3) -> Сталь | D71: =VLOOKUP($B71,'МССК-8 (Мат.)'!$A$2:$F$944,4) | E71: =IF(OR(D71=" ",D71="",D71=0),C71,D71) -> Сталь | F71: =E71&" - "&B71&"" -> Сталь - СТ 00 60
A72: Материалы | B72: СТ 00 70 | C72: =VLOOKUP($B72,'МССК-8 (Мат.)'!$A$2:$F$944,3) -> Стекло | D72: =VLOOKUP($B72,'МССК-8 (Мат.)'!$A$2:$F$944,4) | E72: =IF(OR(D72=" ",D72="",D72=0),C72,D72) -> Стекло | F72: =E72&" - "&B72&"" -> Стекло - СТ 00 70
A73: Материалы | B73: СТ 00 80 | C73: =VLOOKUP($B73,'МССК-8 (Мат.)'!$A$2:$F$944,3) -> Пластмасса | D73: =VLOOKUP($B73,'МССК-8 (Мат.)'!$A$2:$F$944,4) | E73: =IF(OR(D73=" ",D73="",D73=0),C73,D73) -> Пластмасса | F73: =E73&" - "&B73&"" -> Пластмасса - СТ 00 80
A74: Материалы | B74: СТ 10 02 20 | C74: =VLOOKUP($B74,'МССК-8 (Мат.)'!$A$2:$F$944,3) -> Металл | D74: =VLOOKUP($B74,'МССК-8 (Мат.)'!$A$2:$F$944,4) -> Цветные металлы, сплавы | E74: =IF(OR(D74=" ",D74="",D74=0),C74,D74) -> Цветные металлы, сплавы | F74: =E74&" - "&B74&"" -> Цветные металлы, сплавы - СТ 10 02 20
A75: Материалы | B75: СТ 10 13 30 | C75: =VLOOKUP($B75,'МССК-8 (Мат.)'!$A$2:$F$944,3) -> Отделочные материалы | D75: =VLOOKUP($B75,'МССК-8 (Мат.)'!$A$2:$F$944,4) -> Штукатурные растворы | E75: =IF(OR(D75=" ",D75="",D75=0),C75,D75) -> Штукатурные растворы | F75: =E75&" - "&B75&"" -> Штукатурные растворы - СТ 10 13 30
A76: Материалы | B76: СТ 10 13 10 30 | C76: =VLOOKUP($B76,'МССК-8 (Мат.)'!$A$2:$F$944,3) -> Отделочные материалы | D76: =VLOOKUP($B76,'МССК-8 (Мат.)'!$A$2:$F$944,4) -> Отделочные материалы фасадов | E76: =IF(OR(D76=" ",D76="",D76=0),C76,D76) -> Отделочные материалы фасадов | F76: =E76&" - "&B76&"" -> Отделочные материалы фасадов - СТ 10 13 10 30
A82: IfcSpace | B82: ПЗ 03 | C82: =VLOOKUP($B82,'МССК-5 (Пом.)'!$A$2:$D$641,2) -> Общая площадь | D82: =VLOOKUP($B82,'МССК-5 (Пом.)'!$A$2:$D$641,3) -> 0 | E82: =IF(D82=0,C82,D82) -> Общая площадь | F82: =E82&" - "&B82&"" -> Общая площадь - ПЗ 03
A83: IfcSpace | B83: ПЗ 30 | C83: =VLOOKUP($B83,'МССК-5 (Пом.)'!$A$2:$D$641,2) -> Помещения квартир | D83: =VLOOKUP($B83,'МССК-5 (Пом.)'!$A$2:$D$641,3) -> 0 | E83: =IF(D83=0,C83,D83) -> Помещения квартир | F83: =E83&" - "&B83&"" -> Помещения квартир - ПЗ 30
A84: IfcSpace | B84: ПЗ 30 10 | C84: =VLOOKUP($B84,'МССК-5 (Пом.)'!$A$2:$D$641,2) -> Помещения квартир | D84: =VLOOKUP($B84,'МССК-5 (Пом.)'!$A$2:$D$641,3) -> Жилые помещения | E84: =IF(D84=0,C84,D84) -> Жилые помещения | F84: =E84&" - "&B84&"" -> Жилые помещения - ПЗ 30 10
A85: IfcSpace | B85: ПЗ 30 20 | C85: =VLOOKUP($B85,'МССК-5 (Пом.)'!$A$2:$D$641,2) -> Помещения квартир | D85: =VLOOKUP($B85,'МССК-5 (Пом.)'!$A$2:$D$641,3) -> Вспомогательные помещения | E85: =IF(D85=0,C85,D85) -> Вспомогательные помещения | F85: =E85&" - "&B85&"" -> Вспомогательные помещения - ПЗ 30 20
A86: IfcSpace | B86: ПЗ 30 30 | C86: =VLOOKUP($B86,'МССК-5 (Пом.)'!$A$2:$D$641,2) -> Помещения квартир | D86: =VLOOKUP($B86,'МССК-5 (Пом.)'!$A$2:$D$641,3) -> Неотапливаемые помещения | E86: =IF(D86=0,C86,D86) -> Неотапливаемые помещения | F86: =E86&" - "&B86&"" -> Неотапливаемые помещения - ПЗ 30 30
A87: IfcSpace | B87: ПЗ 31 01 | C87: =VLOOKUP($B87,'МССК-5 (Пом.)'!$A$2:$D$641,2) -> Общественная зона | D87: =VLOOKUP($B87,'МССК-5 (Пом.)'!$A$2:$D$641,3) -> Административно-деловые помещения | E87: =IF(D87=0,C87,D87) -> Административно-деловые помещения | F87: =E87&" - "&B87&"" -> Административно-деловые помещения - ПЗ 31 01
A88: IfcSpace | B88: ПЗ 31 02 | C88: =VLOOKUP($B88,'МССК-5 (Пом.)'!$A$2:$D$641,2) -> Общественная зона | D88: =VLOOKUP($B88,'МССК-5 (Пом.)'!$A$2:$D$641,3) -> Помещения информационно-технические | E88: =IF(D88=0,C88,D88) -> Помещения информационно-технические | F88: =E88&" - "&B88&"" -> Помещения информационно-технические - ПЗ 31 02
A89: IfcSpace | B89: ПЗ 31 03 | C89: =VLOOKUP($B89,'МССК-5 (Пом.)'!$A$2:$D$641,2) -> Общественная зона | D89: =VLOOKUP($B89,'МССК-5 (Пом.)'!$A$2:$D$641,3) -> Театрально-сценические помещения | E89: =IF(D89=0,C89,D89) -> Театрально-сценические помещения | F89: =E89&" - "&B89&"" -> Театрально-сценические помещения - ПЗ 31 03
A90: IfcSpace | B90: ПЗ 31 04 | C90: =VLOOKUP($B90,'МССК-5 (Пом.)'!$A$2:$D$641,2) -> Общественная зона | D90: =VLOOKUP($B90,'МССК-5 (Пом.)'!$A$2:$D$641,3) -> Помещения тира | E90: =IF(D90=0,C90,D90) -> Помещения тира | F90: =E90&" - "&B90&"" -> Помещения тира - ПЗ 31 04
A91: IfcSpace | B91: ПЗ 31 05 | C91: =VLOOKUP($B91,'МССК-5 (Пом.)'!$A$2:$D$641,2) -> Общественная зона | D91: =VLOOKUP($B91,'МССК-5 (Пом.)'!$A$2:$D$641,3) -> Помещения хранения оружия и боеприпасов | E91: =IF(D91=0,C91,D91) -> Помещения хранения оружия и боеприпасов | F91: =E91&" - "&B91&"" -> Помещения хранения оружия и боеприпасов - ПЗ 31 05
A92: IfcSpace | B92: ПЗ 31 06 | C92: =VLOOKUP($B92,'МССК-5 (Пом.)'!$A$2:$D$641,2) -> Общественная зона | D92: =VLOOKUP($B92,'МССК-5 (Пом.)'!$A$2:$D$641,3) -> Помещения полиции | E92: =IF(D92=0,C92,D92) -> Помещения полиции | F92: =E92&" - "&B92&"" -> Помещения полиции - ПЗ 31 06
A93: IfcSpace | B93: ПЗ 31 07 | C93: =VLOOKUP($B93,'МССК-5 (Пом.)'!$A$2:$D$641,2) -> Общественная зона | D93: =VLOOKUP($B93,'МССК-5 (Пом.)'!$A$2:$D$641,3) -> Нежилые общественные помещения | E93: =IF(D93=0,C93,D93) -> Нежилые общественные помещения | F93: =E93&" - "&B93&"" -> Нежилые общественные помещения - ПЗ 31 07
... A133: IfcSpace | B133: ПЗ 34 12 | C133: =VLOOKUP($B133,'МССК-5 (Пом.)'!$A$2:$D$641,2) -> Помещения производственного назначения | D133: =VLOOKUP($B133,'МССК-5 (Пом.)'!$A$2:$D$641,3) -> Складские помещения | E133: =IF(D133=0,C133,D133) -> Складские помещения | F133: =E133&" - "&B133&"" -> Складские помещения - ПЗ 34 12

Sheet МССК-5 (Пом.)
A1: КЛАССИФИКАТОРЫ ДЛЯ ИНФОРМАЦИОННОГО МОДЕЛИРОВАНИЯ. Часть 5. КЛАССИФИКАТОР «ПОМЕЩЕНИЯ И ЗОНЫ». Москва 2024
A2: Код | B2: Категория зон или группы помещений | C2: Группа помещений или помещение | D2: Помещение
A3: ПЗ 01 | B3: Границы земельного участка
A4: ПЗ 02 | B4: Площадь застройки
A5: ПЗ 03 | B5: Общая площадь
A6: ПЗ 03 10 | B6: Общая площадь | C6: Зоны участков
A7: ПЗ 03 10 01 | B7: Общая площадь | C7: Зоны участков | D7: Зона участка застройки
A8: ПЗ 03 10 02 | B8: Общая площадь | C8: Зоны участков | D8: Зона участка земельного
A9: ПЗ 04 | B9: Пожарный отсек
A10: ПЗ 05 | B10: Пожарная секция
A11: ПЗ 06 | B11: Зона безопасности МГН
A12: ПЗ 07 | B12: Зона санитарно-бытовая МГН
A13: ПЗ 08 | B13: Квартира
A14: ПЗ 09 | B14: Квартира МГН
A15: ПЗ 10 | B15: Наземная автостоянка
A16: ПЗ 10 10 | B16: Наземная автостоянка | C16: Надземная зона остановки и стоянки автомобильных транспортных средств
A17: ПЗ 10 10 01 | B17: Наземная автостоянка | C17: Надземная зона остановки и стоянки автомобильных транспортных средств | D17: Парковочное место надземное
A18: ПЗ 11 | B18: Подземная автостоянка
A19: ПЗ 11 10 | B19: Подземная автостоянка | C19: Подземная зона остановки и стоянки автомобильных транспортных средств
A20: ПЗ 11 10 01 | B20: Подземная автостоянка | C20: Подземная зона остановки и стоянки автомобильных транспортных средств | D20: Парковочное место поздемное
A21: ПЗ 12 | B21: Зона отдыха
A22: ПЗ 13 | B22: Зона ожидания
A23: ПЗ 14 | B23: Зоны организации строительства
A24: ПЗ 14 01 | B24: Зоны организации строительства | C24: Зона обслуживания
A25: ПЗ 14 02 | B25: Зоны организации строительства | C25: Зона действия строительных машин
A26: ПЗ 14 03 | B26: Зоны организации строительства | C26: Зона строительной площадки опасная производственная
A27: ПЗ 14 04 | B27: Зоны организации строительства | C27: Зона размещения складских площадок
A28: ПЗ 14 05 | B28: Зоны организации строительства | C28: Зона временного размещения грунта
A29: ПЗ 14 06 | B29: Зоны организации строительства | C29: Зона размещения строительной техники
A30: ПЗ 14 07 | B30: Зоны организации строительства | C30: Зона путей перемещения крана
A31: ПЗ 14 08 | B31: Зоны организации строительства | C31: Зона перемещения транспортных средств
A32: ПЗ 14 09 | B32: Зоны организации строительства | C32: Опасная зона
A33: ПЗ 15 | B33: Учебная зона
A34: ПЗ 16 | B34: Игровая зона
A35: ПЗ 17 | B35: Входная группа
A36: ПЗ 17 01 | B36: Входная группа | C36: Входная площадка
A37: ПЗ 18 | B37: Гардеробная
A38: ПЗ 19 | B38: Наружная зона
A39: ПЗ 19 01 | B39: Наружная зона | C39: Приямок
A40: ПЗ 19 02 | B40: Наружная зона | C40: Игровая площадка
A41: ПЗ 19 03 | B41: Наружная зона | C41: Прогулочная веранда
A42: ПЗ 20 | B42: Лестнично-лифтовой узел
A43: ПЗ 21 | B43: Административно-деловые зоны
A44: ПЗ 21 01 | B44: Административно-деловые зоны | C44: Зона совещаний
A45: ПЗ 21 02 | B45: Административно-деловые зоны | C45: Зона руководства
A46: ПЗ 21 03 | B46: Административно-деловые зоны | C46: Офисная зона
A47: ПЗ 22 | B47: Концертно-сценические зоны
A48: ПЗ 22 01 | B48: Концертно-сценические зоны | C48: Зона зрительного зала
A49: ПЗ 22 02 | B49: Концертно-сценические зоны | C49: Зона сцены
A50: ПЗ 22 03 | B50: Концертно-сценические зоны | C50: Зона эстрады
A51: ПЗ 22 04 | B51: Концертно-сценические зоны | C51: Оркестровая яма
A52: ПЗ 23 | B52: Этажи
A53: ПЗ 23 01 | B53: Этажи | C53: Этаж/Типовой этаж
A54: ПЗ 23 02 | B54: Этажи | C54: Мансардный этаж
A55: ПЗ 23 03 | B55: Этажи | C55: Подвальный этаж
A56: ПЗ 23 04 | B56: Этажи | C56: Подземный этаж
A57: ПЗ 23 05 | B57: Этажи | C57: Технический этаж
A58: ПЗ 23 06 | B58: Этажи | C58: Цокольный этаж
A59: ПЗ 23 07 | B59: Этажи | C59: Этаж первый
A60: ПЗ 23 08 | B60: Этажи | C60: Этаж чердачный
A61: ПЗ 23 09 | B61: Этажи | C61: Эксплуатируемая кровля
A62: ПЗ 24 | B62: Рабочая зона
A63: ПЗ 25 | B63: Зона нерегулярного нахождения людей
A64: ПЗ 26 | B64: Зона освещенности естественным или искусственным светом
A65: ПЗ 27 | B65: Зона температурная
A66: ПЗ 27 01 | B66: Зона температурная | C66: Зона температурного воздействия, специальных температурных условий
A67: ПЗ 27 02 | B67: Зона температурная | C67: Зона специальных условий вентиляции, вытяжки воздуха
A68: ПЗ 30 | B68: Помещения квартир
A69: ПЗ 30 10 | B69: Помещения квартир | C69: Жилые помещения
A70: П3 30 10 01 | B70: Помещения квартир | C70: Жилые помещения | D70: Гостиная
A71: ПЗ 30 10 02 | B71: Помещения квартир | C71: Жилые помещения | D71: Детская
A72: ПЗ 30 10 03 | B72: Помещения квартир | C72: Жилые помещения | D72: Жилая комната
A73: ПЗ 30 10 04 | B73: Помещения квартир | C73: Жилые помещения | D73: Спальня
A74: ПЗ 30 20 | B74: Помещения квартир | C74: Вспомогательные помещения
A75: ПЗ 30 20 01 | B75: Помещения квартир | C75: Вспомогательные помещения | D75: Бельевая
A76: ПЗ 30 20 02 | B76: Помещения квартир | C76: Вспомогательные помещения | D76: Ванная
A77: ПЗ 30 20 03 | B77: Помещения квартир | C77: Вспомогательные помещения | D77: Встроенный шкаф
A78: ПЗ 30 20 04 | B78: Помещения квартир | C78: Вспомогательные помещения | D78: Гардеробная
A79: ПЗ 30 20 05 | B79: Помещения квартир | C79: Вспомогательные помещения | D79: Душевая
A80: ПЗ 30 20 06 | B80: Помещения квартир | C80: Вспомогательные помещения | D80: Коридор
A81: ПЗ 30 20 07 | B81: Помещения квартир | C81: Вспомогательные помещения | D81: Кухня
A82: ПЗ 30 20 08 | B82: Помещения квартир | C82: Вспомогательные помещения | D82: Кухня-ниша
A83: ПЗ 30 20 09 | B83: Помещения квартир | C83: Вспомогательные помещения | D83: Кухня-столовая
A84: ПЗ 30 20 10 | B84: Помещения квартир | C84: Вспомогательные помещения | D84: Лестница внутриквартирная
A85: ПЗ 30 20 11 | B85: Помещения квартир | C85: Вспомогательные помещения | D85: Постирочная
A86: ПЗ 30 20 12 | B86: Помещения квартир | C86: Вспомогательные помещения | D86: Прихожая
... A92: ПЗ 30 20 18 | B92: Помещения квартир | C92: Вспомогательные помещения | D92: Уборная
A93: ПЗ 30 30 | B93: Помещения квартир | C93: Неотапливаемые помещения
A94: ПЗ 30 30 01 | B94: Помещения квартир | C94: Неотапливаемые помещения | D94: Холодная кладовая
A95: ПЗ 30 30 02 | B95: Помещения квартир | C95: Неотапливаемые помещения | D95: Веранда
A96: ПЗ 30 30 03 | B96: Помещения квартир | C96: Неотапливаемые помещения | D96: Балкон
A97: ПЗ 30 30 04 | B97: Помещения квартир | C97: Неотапливаемые помещения | D97: Терраса
A98: ПЗ 30 30 05 | B98: Помещения квартир | C98: Неотапливаемые помещения | D98: Лоджия
A99: ПЗ 31 | B99: Общественная зона
A100: ПЗ 31 01 | B100: Общественная зона | C100: Административно-деловые помещения
A101: ПЗ 31 01 01 | B101: Общественная зона | C101: Административно-деловые помещения | D101: Актовый зал
A102: ПЗ 31 01 02 | B102: Общественная зона | C102: Административно-деловые помещения | D102: Зал совещаний
A103: ПЗ 31 01 03 | B103: Общественная зона | C103: Административно-деловые помещения | D103: Кабинет
A104: ПЗ 31 01 04 | B104: Общественная зона | C104: Административно-деловые помещения | D104: Кабинет администратора
A105: ПЗ 31 01 05 | B105: Общественная зона | C105: Административно-деловые помещения | D105: Кабинет директора
...

Sheet МССК-7 (Эл.)
A1: КЛАССИФИКАТОРЫ ДЛЯ ИНФОРМАЦИОННОГО МОДЕЛИРОВАНИЯ. Часть 7. КЛАССИФИКАТОР «ЭЛЕМЕНТЫ». Москва 2024
A2: Код | B2: Категория элементов | C2: Назначение элементов | D2: Класс элемента | E2: Подкласс элемента | F2: класс IFC
A3: ЭЛ 10 | B3: Земляные сооружения, фундаменты
A4: ЭЛ 10 10 | B4: Земляные сооружения, фундаменты | C4: Фундаменты
A5: ЭЛ 10 10 10 | B5: Земляные сооружения, фундаменты | C5: Фундаменты | D5: Свая | F5: IfcPile
A6: ЭЛ 10 10 10 01 | B6: Земляные сооружения, фундаменты | C6: Фундаменты | D6: Свая | E6: Свая забивная | F6: IfcPile
A7: ЭЛ 10 10 10 02 | B7: Земляные сооружения, фундаменты | C7: Фундаменты | D7: Свая | E7: Свая набивная | F7: IfcPile
A8: ЭЛ 10 10 10 03 | B8: Земляные сооружения, фундаменты | C8: Фундаменты | D8: Свая | E8: Свая-оболочка | F8: IfcPile
A9: ЭЛ 10 10 10 04 | B9: Земляные сооружения, фундаменты | C9: Фундаменты | D9: Свая | E9: Свая буровая | F9: IfcPile
A10: ЭЛ 10 10 10 05 | B10: Земляные сооружения, фундаменты | C10: Фундаменты | D10: Свая | E10: Свая винтовая | F10: IfcPile
A11: ЭЛ 10 10 12 | B11: Земляные сооружения, фундаменты | C11: Фундаменты | D11: Ростверк | F11: IfcFooting
A12: ЭЛ 10 10 12 01 | B12: Земляные сооружения, фундаменты | C12: Фундаменты | D12: Ростверк | E12: Ростверк ленточный | F12: IfcFooting
A13: ЭЛ 10 10 12 02 | B13: Земляные сооружения, фундаменты | C13: Фундаменты | D13: Ростверк | E13: Ростверк столбчатый | F13: IfcFooting
A14: ЭЛ 10 10 12 03 | B14: Земляные сооружения, фундаменты | C14: Фундаменты | D14: Ростверк | E14: Балка ростверка | F14: IfcFooting
A15: ЭЛ 10 10 12 04 | B15: Земляные сооружения, фундаменты | C15: Фундаменты | D15: Ростверк | E15: Ростверк плитный | F15: IfcSlab
A16: ЭЛ 10 10 30 | B16: Земляные сооружения, фундаменты | C16: Фундаменты | D16: Фундамент общего назначения | F16: IfcFooting
A17: ЭЛ 10 10 30 01 | B17: Земляные сооружения, фундаменты | C17: Фундаменты | D17: Фундамент общего назначения | E17: Фундамент ленточный | F17: IfcFooting
A18: ЭЛ 10 10 30 02 | B18: Земляные сооружения, фундаменты | C18: Фундаменты | D18: Фундамент общего назначения | E18: Фундамент столбчатый | F18: IfcFooting
A19: ЭЛ 10 10 30 03 | B19: Земляные сооружения, фундаменты | C19: Фундаменты | D19: Фундамент общего назначения | E19: Фундаментная балка | F19: IfcFooting
A20: ЭЛ 10 10 30 04 | B20: Земляные сооружения, фундаменты | C20: Фундаменты | D20: Фундамент общего назначения | E20: Фундаментная плита | F20: IfcSlab
A21: ЭЛ 10 10 40 | B21: Земляные сооружения, фундаменты | C21: Фундаменты | D21: Фундаментный блок | F21: IfcFooting
A22: ЭЛ 10 10 40 01 | B22: Земляные сооружения, фундаменты | C22: Фундаменты | D22: Фундаментный блок | E22: Фундаментный блок сплошной | F22: IfcFooting
A23: ЭЛ 10 10 40 02 | B23: Земляные сооружения, фундаменты | C23: Фундаменты | D23: Фундаментный блок | E23: Фундаментный блок с вырезом | F23: IfcFooting
A24: ЭЛ 10 10 40 03 | B24: Земляные сооружения, фундаменты | C24: Фундаменты | D24: Фундаментный блок | E24: Фундаментный блок пустотный | F24: IfcFooting
A25: ЭЛ 10 10 45 | B25: Земляные сооружения, фундаменты | C25: Фундаменты | D25: Подливка фундамента | F25: IfcSlab
A26: ЭЛ 10 10 50 | B26: Земляные сооружения, фундаменты | C26: Фундаменты | D26: Подколонник | F26: IfcFooting
A27: ЭЛ 10 10 65 | B27: Земляные сооружения, фундаменты | C27: Фундаменты | D27: Бетонная подготовка | F27: IfcSlab
A28: ЭЛ 10 10 70 | B28: Земляные сооружения, фундаменты | C28: Фундаменты | D28: Кесонный фундамент | F28: IfcFooting
A29: ЭЛ 10 20 | B29: Земляные сооружения, фундаменты | C29: Подпорные стены
A30: ЭЛ 10 20 10 | B30: Земляные сооружения, фундаменты | C30: Подпорные стены | D30: Несущая стена в грунте | F30: IfcWall
A31: ЭЛ 10 20 20 | B31: Земляные сооружения, фундаменты | C31: Подпорные стены | D31: Шпунт Ларсена | F31: IfcPile
A32: ЭЛ 10 20 30 | B32: Земляные сооружения, фундаменты | C32: Подпорные стены | D32: Шпунт | F32: IfcPile
A33: ЭЛ 10 20 40 | B33: Земляные сооружения, фундаменты | C33: Подпорные стены | D33: Подпорная стена | F33: IfcWall
A34: ЭЛ 10 20 50 | B34: Земляные сооружения, фундаменты | C34: Подпорные стены | D34: Габион | F34: IfcWall
A35: ЭЛ 10 25 | B35: Земляные сооружения, фундаменты | C35: Основание
A36: ЭЛ 10 25 10 | B36: Земляные сооружения, фундаменты | C36: Основание | D36: Уплотненный трамбованием грунт | F36: IfcReinforcedSoil
A37: ЭЛ 10 25 20 | B37: Земляные сооружения, фундаменты | C37: Основание | D37: Укрепленный инъецированием грунт | F37: IfcReinforcedSoil
A38: ЭЛ 10 25 30 | B38: Земляные сооружения, фундаменты | C38: Основание | D38: Грунтовая подушка | F38: IfcReinforcedSoil
A39: ЭЛ 10 25 40 | B39: Земляные сооружения, фундаменты | C39: Основание | D39: Уплотненный укаткой грунт | F39: IfcReinforcedSoil
A40: ЭЛ 10 25 50 | B40: Земляные сооружения, фундаменты | C40: Основание | D40: Предварительно обжатый грунт | F40: IfcReinforcedSoil
A41: ЭЛ 10 25 60 | B41: Земляные сооружения, фундаменты | C41: Основание | D41: Дренирующий грунт | F41: IfcReinforcedSoil
A42: ЭЛ 10 30 | B42: Земляные сооружения, фундаменты | C42: Компоненты для защиты фундаментов
A43: ЭЛ 10 30 10 | B43: Земляные сооружения, фундаменты | C43: Компоненты для защиты фундаментов | D43: Изоляция | F43: IfcCovering
A44: ЭЛ 10 30 20 | B44: Земляные сооружения, фундаменты | C44: Компоненты для защиты фундаментов | D44: Пароизоляция | F44: IfcCovering
A45: ЭЛ 10 30 30 | B45: Земляные сооружения, фундаменты | C45: Компоненты для защиты фундаментов | D45: Гидроизоляция | F45: IfcCovering
A46: ЭЛ 10 30 40 | B46: Земляные сооружения, фундаменты | C46: Компоненты для защиты фундаментов | D46: Отмостка | F46: IfcSlab
A47: ЭЛ 10 40 | B47: Земляные сооружения, фундаменты | C47: Земляные сооружения
A48: ЭЛ 10 40 10 | B48: Земляные сооружения, фундаменты | C48: Земляные сооружения | D48: Банкет | F48: IfcGeographicElement
A49: ЭЛ 10 40 20 | B49: Земляные сооружения, фундаменты | C49: Земляные сооружения | D49: Берма | F49: IfcGeographicElement
A50: ЭЛ 10 40 30 | B50: Земляные сооружения, фундаменты | C50: Земляные сооружения | D50: Вал | F50: IfcGeographicElement
A51: ЭЛ 10 40 40 | B51: Земляные сооружения, фундаменты | C51: Земляные сооружения | D51: Выемка | F51: IfcGeographicElement
A52: ЭЛ 10 40 50 | B52: Земляные сооружения, фундаменты | C52: Земляные сооружения | D52: Канава | F52: IfcGeographicElement
A53: ЭЛ 10 40 60 | B53: Земляные сооружения, фундаменты | C53: Земляные сооружения | D53: Котлован | F53: IfcGeographicElement
A54: ЭЛ 10 40 70 | B54: Земляные сооружения, фундаменты | C54: Земляные сооружения | D54: Кювет | F54: IfcGeographicElement
A55: ЭЛ 10 40 80 | B55: Земляные сооружения, фундаменты | C55: Земляные сооружения | D55: Насыпь | F55: IfcGeographicElement
A56: ЭЛ 10 40 90 | B56: Земляные сооружения, фундаменты | C56: Земляные сооружения | D56: Траншея | F56: IfcGeographicElement
A57: ЭЛ 20 | B57: Крыша
A58: ЭЛ 20 20 | B58: Крыша | C58: Элементы конструкции крыши
A59: ЭЛ 20 20 04 | B59: Крыша | C59: Элементы конструкции крыши | D59: Кровля | F59: IfcCovering
A60: ЭЛ 20 20 05 | B60: Крыша | C60: Элементы конструкции крыши | D60: Брандмауэр | F60: IfcWall
A61: ЭЛ 20 20 06 | B61: Крыша | C61: Элементы конструкции крыши | D61: Парапет кровли | F61: IfcWall
A62: ЭЛ 20 20 07 | B62: Крыша | C62: Элементы конструкции крыши | D62: Защитный фартук | F62: IfcCovering
A63: ЭЛ 20 20 10 | B63: Крыша | C63: Элементы конструкции крыши | D63: Контробрешетка | F63: IfcMember
A64: ЭЛ 20 20 15 | B64: Крыша | C64: Элементы конструкции крыши | D64: Карнизная доска | F64: IfcMember
A65: ЭЛ 20 20 20 | B65: Крыша | C65: Элементы конструкции крыши | D65: Мауэрлат | F65: IfcMember
A66: ЭЛ 20 20 25 | B66: Крыша | C66: Элементы конструкции крыши | D66: Деревянный брус | F66: IfcMember
A67: ЭЛ 20 20 30 | B67: Крыша | C67: Элементы конструкции крыши | D67: Обрешетка | F67: IfcMember
A68: ЭЛ 20 20 35 | B68: Крыша | C68: Элементы конструкции крыши | D68: Стропильная балка | F68: IfcMember
A69: ЭЛ 20 20 36 | B69: Крыша | C69: Элементы конструкции крыши | D69: Стропильная ферма | F69: IfcElementAssembly
A70: ЭЛ 20 20 37 | B70: Крыша | C70: Элементы конструкции крыши | D70: Подстропильная балка | F70: ifcBeam
... A79: ЭЛ 20 20 60 | B79: Крыша | C79: Элементы конструкции крыши | D79: Ограждение кровли | F79: IfcRailing
A80: ЭЛ 20 30 | B80: Крыша | C80: Компоненты для устройства кровли
A81: ЭЛ 20 30 10 | B81: Крыша | C81: Компоненты для устройства кровли | D81: Ветрозащитный слой | F81: IfcCovering
A82: ЭЛ 20 30 12 | B82: Крыша | C82: Компоненты для устройства кровли | D82: Водоизоляционный ковер | F82: IfcCovering
A83: ЭЛ 20 30 16 | B83: Крыша | C83: Компоненты для устройства кровли | D83: Гидроизоляционный слой | F83: IfcCovering
A84: ЭЛ 20 30 17 | B84: Крыша | C84: Компоненты для устройства кровли | D84: Ендова | F84: ifcCovering
A85: ЭЛ 20 30 18 | B85: Крыша | C85: Компоненты для устройства кровли | D85: Капельник | F85: IfcMember
A86: ЭЛ 20 30 20 | B86: Крыша | C86: Компоненты для устройства кровли | D86: Крепление желоба | F86: IfcMechanicalFastener
A87: ЭЛ 20 30 22 | B87: Крыша | C87: Компоненты для устройства кровли | D87: Кровельный аэратор | F87: IfcStackTerminal
A88: ЭЛ 20 30 24 | B88: Крыша | C88: Компоненты для устройства кровли | D88: Мансардное окно | F88: IfcWindow
A89: ЭЛ 20 30 26 | B89: Крыша | C89: Компоненты для устройства кровли | D89: Пароизоляционный слой | F89: IfcCovering
A90: ЭЛ 20 30 28 | B90: Крыша | C90: Компоненты для устройства кровли | D90: Подкладочный ковер | F90: IfcCovering
A91: ЭЛ 20 30 30 | B91: Крыша | C91: Компоненты для устройства кровли | D91: Подшивка карниза
A92: ЭЛ 20 30 32 | B92: Крыша | C92: Компоненты для устройства кровли | D92: Предохранительный слой | F92: IfcCovering
A93: ЭЛ 20 30 34 | B93: Крыша | C93: Компоненты для устройства кровли | D93: Пригруз
A94: ЭЛ 20 30 35 | B94: Крыша | C94: Компоненты для устройства кровли | D94: Примыкание
A95: ЭЛ 20 30 36 | B95: Крыша | C95: Компоненты для устройства кровли | D95: Противокорневой слой | F95: IfcCovering
A96: ЭЛ 20 30 38 | B96: Крыша | C96: Компоненты для устройства кровли | D96: Разделительный слой | F96: IfcCovering
A97: ЭЛ 20 30 40 | B97: Крыша | C97: Компоненты для устройства кровли | D97: Растительный слой | F97: IfcCovering
A98: ЭЛ 20 30 41 | B98: Крыша | C98: Компоненты для устройства кровли | D98: Свес
A99: ЭЛ 20 30 42 | B99: Крыша | C99: Компоненты для устройства кровли | D99: Слой усиления водоизоляционного ковра | F99: IfcCovering
A100: ЭЛ 20 30 44 | B100: Крыша | C100: Компоненты для устройства кровли | D100: Снегозадержание
A101: ЭЛ 20 30 46 | B101: Крыша | C101: Компоненты для устройства кровли | D101: Стяжка кровли | F101: IfcCovering
A102: ЭЛ 20 30 48 | B102: Крыша | C102: Компоненты для устройства кровли | D102: Теплоизоляционный слой | F102: IfcCovering
A103: ЭЛ 20 90 | B103: Крыша | C103: Армирование ЖБ элементов кровли | F103: IfcReinforcingElement
A104: ЭЛ 30 | B104: Архитектурные и конструктивные элементы
A105: ЭЛ 30 10 | B105: Архитектурные и конструктивные элементы | C105: Ограждающие конструкции
A106: ЭЛ 30 10 10 | B106: Архитектурные и конструктивные элементы | C106: Ограждающие конструкции | D106: Витраж | F106: IfcCurtainWall
A107: ЭЛ 30 10 10 10 | B107: Архитектурные и конструктивные элементы | C107: Ограждающие конструкции | D107: Витраж | E107: Панель витражной системы | F107: IfcPlate
A108: ЭЛ 30 10 10 20 | B108: Архитектурные и конструктивные элементы | C108: Ограждающие конструкции | D108: Витраж | E108: Импост витражной системы | F108: IfcMember
...

Sheet МССК-8 (Мат.)
A1: КЛАССИФИКАТОРЫ ДЛЯ ИНФОРМАЦИОННОГО МОДЕЛИРОВАНИЯ. Часть 8. КЛАССИФИКАТОР «СТРОИТЕЛЬНЫЕ ИЗДЕЛИЯ И МАТЕРИАЛЫ». Москва 2024
A2: Код | B2: Категория | C2: Тип или назначение | D2: Группа по материалу или назначению | E2: Подгруппа по материалу или назначению | F2: Строительное изделие, материл или группа материалов | G2: Код ОКПД2
A3: СТ 00 | B3: Конструкционные материалы
A4: СТ 00 10 | B4: Конструкционные материалы | C4: Бетон
A5: СТ 00 10 01 | B5: Конструкционные материалы | C5: Бетон | D5: Бетон сборный
A6: СТ 00 10 02 | B6: Конструкционные материалы | C6: Бетон | D6: Бетон монолитный
A7: СТ 00 15 | B7: Конструкционные материалы | C7: Железобетон
A8: СТ 00 15 01 | B8: Конструкционные материалы | C8: Железобетон | D8: Железобетон сборный
A9: СТ 00 15 02 | B9: Конструкционные материалы | C9: Железобетон | D9: Железобетон монолитный
A10: СТ 00 20 | B10: Конструкционные материалы | C10: Дерево
A11: СТ 00 30 | B11: Конструкционные материалы | C11: Камень
A12: СТ 00 40 | B12: Конструкционные материалы | C12: Кирпич
A13: СТ 00 50 | B13: Конструкционные материалы | C13: Композит
A14: СТ 00 60 | B14: Конструкционные материалы | C14: Сталь
A15: СТ 00 70 | B15: Конструкционные материалы | C15: Стекло
A16: СТ 00 80 | B16: Конструкционные материалы | C16: Пластмасса
A17: СТ 00 90 | B17: Конструкционные материалы | C17: Чугун
A18: СТ 10 | B18: Строительные материалы
A19: СТ 10 01 | B19: Строительные материалы | C19: Массив дерева
A20: СТ 10 01 10 | B20: Строительные материалы | C20: Массив дерева | D20: Береза
A21: СТ 10 01 15 | B21: Строительные материалы | C21: Массив дерева | D21: Бук
A22: СТ 10 01 20 | B22: Строительные материалы | C22: Массив дерева | D22: Вишня
A23: СТ 10 01 25 | B23: Строительные материалы | C23: Массив дерева | D23: Дуб
A24: СТ 10 01 30 | B24: Строительные материалы | C24: Массив дерева | D24: Ель
A25: СТ 10 01 35 | B25: Строительные материалы | C25: Массив дерева | D25: Кедр
A26: СТ 10 01 40 | B26: Строительные материалы | C26: Массив дерева | D26: Клен
A27: СТ 10 01 45 | B27: Строительные материалы | C27: Массив дерева | D27: Лиственница
A28: СТ 10 01 50 | B28: Строительные материалы | C28: Массив дерева | D28: Мербау
A29: СТ 10 01 55 | B29: Строительные материалы | C29: Массив дерева | D29: Орех
A30: СТ 10 01 60 | B30: Строительные материалы | C30: Массив дерева | D30: Сосна
A31: СТ 10 01 65 | B31: Строительные материалы | C31: Массив дерева | D31: Ясень
A32: СТ 10 02 | B32: Строительные материалы | C32: Металл
A33: СТ 10 02 10 | B33: Строительные материалы | C33: Металл | D33: Черные металлы, сталь, чугун
A34: СТ 10 02 10 10 | B34: Строительные материалы | C34: Металл | D34: Черные металлы, сталь, чугун | E34: Чугун
A35: СТ 10 02 10 10 10 | B35: Строительные материалы | C35: Металл | D35: Черные металлы, сталь, чугун | E35: Чугун | F35: Высокопрочный чугун
A36: СТ 10 02 10 10 20 | B36: Строительные материалы | C36: Металл | D36: Черные металлы, сталь, чугун | E36: Чугун | F36: Ковкий чугун
A37: СТ 10 02 10 10 30 | B37: Строительные материалы | C37: Металл | D37: Черные металлы, сталь, чугун | E37: Чугун | F37: Серый чугун
A38: СТ 10 02 10 20 | B38: Строительные материалы | C38: Металл | D38: Черные металлы, сталь, чугун | E38: Сталь углеродистая
A39: СТ 10 02 10 20 10 | B39: Строительные материалы | C39: Металл | D39: Черные металлы, сталь, чугун | E39: Сталь углеродистая | F39: Сталь высокоуглеродистая
A40: СТ 10 02 10 20 20 | B40: Строительные материалы | C40: Металл | D40: Черные металлы, сталь, чугун | E40: Сталь углеродистая | F40: Сталь низкоуглеродистая
A41: СТ 10 02 10 20 30 | B41: Строительные материалы | C41: Металл | D41: Черные металлы, сталь, чугун | E41: Сталь углеродистая | F41: Сталь среднеуглеродистая
A42: СТ 10 02 10 30 | B42: Строительные материалы | C42: Металл | D42: Черные металлы, сталь, чугун | E42: Сталь легированная
A43: СТ 10 02 10 30 10 | B43: Строительные материалы | C43: Металл | D43: Черные металлы, сталь, чугун | E43: Сталь легированная | F43: Сталь высоколегированная
A44: СТ 10 02 10 30 20 | B44: Строительные материалы | C44: Металл | D44: Черные металлы, сталь, чугун | E44: Сталь легированная | F44: Сталь низколегированная
A45: СТ 10 02 10 40 | B45: Строительные материалы | C45: Металл | D45: Черные металлы, сталь, чугун | E45: Сталь коррозионно-стойкая
A46: СТ 10 02 10 50 | B46: Строительные материалы | C46: Металл | D46: Черные металлы, сталь, чугун | E46: Сталь жаропрочная
A47: СТ 10 02 20 | B47: Строительные материалы | C47: Металл | D47: Цветные металлы, сплавы
A48: СТ 10 02 20 10 | B48: Строительные материалы | C48: Металл | D48: Цветные металлы, сплавы | E48: Алюминий
A49: СТ 10 02 20 15 | B49: Строительные материалы | C49: Металл | D49: Цветные металлы, сплавы | E49: Бронза
A50: СТ 10 02 20 20 | B50: Строительные материалы | C50: Металл | D50: Цветные металлы, сплавы | E50: Вольфрам
A51: СТ 10 02 20 25 | B51: Строительные материалы | C51: Металл | D51: Цветные металлы, сплавы | E51: Латунь
A52: СТ 10 02 20 30 | B52: Строительные материалы | C52: Металл | D52: Цветные металлы, сплавы | E52: Медь
A53: СТ 10 02 20 35 | B53: Строительные материалы | C53: Металл | D53: Цветные металлы, сплавы | E53: Никель
A54: СТ 10 02 20 40 | B54: Строительные материалы | C54: Металл | D54: Цветные металлы, сплавы | E54: Олово
A55: СТ 10 02 20 45 | B55: Строительные материалы | C55: Металл | D55: Цветные металлы, сплавы | E55: Свинец
A56: СТ 10 02 20 45 10 | B56: Строительные материалы | C56: Металл | D56: Цветные металлы, сплавы | E56: Свинец | F56: Лист свинцовый
A57: СТ 10 02 20 50 | B57: Строительные материалы | C57: Металл | D57: Цветные металлы, сплавы | E57: Титановый сплав
A58: СТ 10 02 20 55 | B58: Строительные материалы | C58: Металл | D58: Цветные металлы, сплавы | E58: Цинк
A59: СТ 10 03 | B59: Строительные материалы | C59: Битумы нефтяные
A60: СТ 10 03 10 | B60: Строительные материалы | C60: Битумы нефтяные | D60: Битумы нефтяные кровельные | G60: 19.20.42.123
A61: СТ 10 03 10 10 | B61: Строительные материалы | C61: Битумы нефтяные | D61: Битумы нефтяные кровельные | E61: БНК-40/180 | G61: 19.20.42.123
A62: СТ 10 03 10 20 | B62: Строительные материалы | C62: Битумы нефтяные | D62: Битумы нефтяные кровельные | E62: БНК-45/190 | G62: 19.20.42.123
A63: СТ 10 03 10 30 | B63: Строительные материалы | C63: Битумы нефтяные | D63: Битумы нефтяные кровельные | E63: БНК-90/30 | G63: 19.20.42.123
A64: СТ 10 03 20 | B64: Строительные материалы | C64: Битумы нефтяные | D64: Битумы нефтяные строительные | G64: 19.20.42.122
A65: СТ 10 03 20 10 | B65: Строительные материалы | C65: Битумы нефтяные | D65: Битумы нефтяные строительные | E65: БН 50/50 | G65: 19.20.42.122
A66: СТ 10 03 20 20 | B66: Строительные материалы | C66: Битумы нефтяные | D66: Битумы нефтяные строительные | E66: БН 70/30 | G66: 19.20.42.122
A67: СТ 10 03 20 30 | B67: Строительные материалы | C67: Битумы нефтяные | D67: Битумы нефтяные строительные | E67: БН 90/10 | G67: 19.20.42.122
A68: СТ 10 03 25 | B68: Строительные материалы | C68: Битумы нефтяные | D68: Битумы нефтяные изоляционные | G68: 19.20.42.122
A69: СТ 10 03 25 10 | B69: Строительные материалы | C69: Битумы нефтяные | D69: Битумы нефтяные изоляционные | E69: БНИ-IV-З | G69: 19.20.42.122
A70: СТ 10 03 25 20 | B70: Строительные материалы | C70: Битумы нефтяные | D70: Битумы нефтяные изоляционные | E70: БНИ-IV | G70: 19.20.42.122
A71: СТ 10 03 25 30 | B71: Строительные материалы | C71: Битумы нефтяные | D71: Битумы нефтяные изоляционные | E71: БНИ-V | G71: 19.20.42.122
A72: СТ 10 03 30 | B72: Строительные материалы | C72: Битумы нефтяные | D72: Битумы нефтяные дорожные жидкие | G72: 19.20.42.121
A73: СТ 10 03 30 10 | B73: Строительные материалы | C73: Битумы нефтяные | D73: Битумы нефтяные дорожные жидкие | E73: СГ 40/70 | G73: 19.20.42.121
A74: СТ 10 03 30 20 | B74: Строительные материалы | C74: Битумы нефтяные | D74: Битумы нефтяные дорожные жидкие | E74: СГ 70/130 | G74: 19.20.42.121
A75: СТ 10 03 30 30 | B75: Строительные материалы | C75: Битумы нефтяные | D75: Битумы нефтяные дорожные жидкие | E75: СГ 130/200 | G75: 19.20.42.121
A76: СТ 10 03 30 40 | B76: Строительные материалы | C76: Битумы нефтяные | D76: Битумы нефтяные дорожные жидкие | E76: МГ 40/70 | G76: 19.20.42.121
A77: СТ 10 03 30 50 | B77: Строительные материалы | C77: Битумы нефтяные | D77: Битумы нефтяные дорожные жидкие | E77: МГ 70/130 | G77: 19.20.42.121
A78: СТ 10 03 30 60 | B78: Строительные материалы | C78: Битумы нефтяные | D78: Битумы нефтяные дорожные жидкие | E78: МГ 130/200 | G78: 19.20.42.121
A79: СТ 10 03 30 70 | B79: Строительные материалы | C79: Битумы нефтяные | D79: Битумы нефтяные дорожные жидкие | E79: МГО 40/70 | G79: 19.20.42.121
A80: СТ 10 03 30 80 | B80: Строительные материалы | C80: Битумы нефтяные | D80: Битумы нефтяные дорожные жидкие | E80: МГО 70/130 | G80: 19.20.42.121
A81: СТ 10 03 30 90 | B81: Строительные материалы | C81: Битумы нефтяные | D81: Битумы нефтяные дорожные жидкие | E81: МГО 130/200 | G81: 19.20.42.121
A82: СТ 10 03 40 | B82: Строительные материалы | C82: Битумы нефтяные | D82: Битумы нефтяные дорожные вязкие | G82: 19.20.42.121
A83: СТ 10 03 40 10 | B83: Строительные материалы | C83: Битумы нефтяные | D83: Битумы нефтяные дорожные вязкие | E83: БНД 200/300 | G83: 19.20.42.121
A84: СТ 10 03 40 20 | B84: Строительные материалы | C84: Битумы нефтяные | D84: Битумы нефтяные дорожные вязкие | E84: БНД 130/200 | G84: 19.20.42.121
A85: СТ 10 03 40 30 | B85: Строительные материалы | C85: Битумы нефтяные | D85: Битумы нефтяные дорожные вязкие | E85: БНД 90/130 | G85: 19.20.42.121
A86: СТ 10 03 40 40 | B86: Строительные материалы | C86: Битумы нефтяные | D86: Битумы нефтяные дорожные вязкие | E86: БНД 60/90 | G86: 19.20.42.121
A87: СТ 10 03 40 50 | B87: Строительные материалы | C87: Битумы нефтяные | D87: Битумы нефтяные дорожные вязкие | E87: БНД 40/60 | G87: 19.20.42.121
A88: СТ 10 03 40 60 | B88: Строительные материалы | C88: Битумы нефтяные | D88: Битумы нефтяные дорожные вязкие | E88: БН 200/300 | G88: 19.20.42.121
A89: СТ 10 03 40 70 | B89: Строительные материалы | C89: Битумы нефтяные | D89: Битумы нефтяные дорожные вязкие | E89: БН 130/200 | G89: 19.20.42.121
A90: СТ 10 03 40 80 | B90: Строительные материалы | C90: Битумы нефтяные | D90: Битумы нефтяные дорожные вязкие | E90: БН 90/130 | G90: 19.20.42.121
A91: СТ 10 03 40 90 | B91: Строительные материалы | C91: Битумы нефтяные | D91: Битумы нефтяные дорожные вязкие | E91: БН 60/90 | G91: 19.20.42.121
A92: СТ 10 04 | B92: Строительные материалы | C92: Мастики | G92: 20.30.22.180
A93: СТ 10 04 10 | B93: Строительные материалы | C93: Мастики | D93: Мастики кровельные | G93: 20.30.22.180
A94: СТ 10 04 10 10 | B94: Строительные материалы | C94: Мастики | D94: Мастики кровельные | E94: Мастика кровельная битумная | G94: 20.30.22.180
A95: СТ 10 04 10 20 | B95: Строительные материалы | C95: Мастики | D95: Мастики кровельные | E95: Мастика кровельная битумно-полимерная | G95: 20.30.22.180
A96: СТ 10 04 10 30 | B96: Строительные материалы | C96: Мастики | D96: Мастики кровельные | E96: Мастика кровельная битумно-резиновая | G96: 20.30.22.180
A97: СТ 10 04 10 40 | B97: Строительные материалы | C97: Мастики | D97: Мастики кровельные | E97: Мастика кровельная битумно-эмульсионная | G97: 20.30.22.180
A98: СТ 10 04 10 50 | B98: Строительные материалы | C98: Мастики | D98: Мастики кровельные | E98: Мастика кровельная полимерная | G98: 20.30.22.180
A99: СТ 10 04 20 | B99: Строительные материалы | C99: Мастики | D99: Мастики герметизирующие и уплотняющие | G99: 20.30.22.180
A100: СТ 10 04 20 10 | B100: Строительные материалы | C100: Мастики | D100: Мастики герметизирующие и уплотняющие | E100: Мастика акрилатная | G100: 20.30.22.180
...
